professional_id,profile_type,profile_status,full_name,preferred_name,professional_headline,professional_bio,profile_photo_url,public_profile_url,linkedin_url,portfolio_url,personal_website,professional_email,professional_phone,preferred_contact_method,community_affiliation_status,community_affiliation_source,community_organization,community_role,community_city,community_participation_opt_in,community_mentorship_opt_in,community_networking_opt_in,current_job_title,current_company,industry,functional_domain,specialization,seniority_level,years_of_experience,total_career_experience,employment_type,employment_status,previous_companies,previous_job_titles,professional_achievements,notable_projects,professional_certifications,technical_skills,soft_skills,tools_and_technologies,languages_spoken,highest_qualification,field_of_study,institution_name,graduation_year,additional_qualifications,relevant_training,research_interests,mentorship_available,mentorship_domains,mentorship_topics,target_mentee_groups,mentorship_format,mentorship_location,mentorship_languages,mentorship_capacity,preferred_mentorship_frequency,mentorship_duration,career_guidance_available,resume_review_available,mock_interview_available,interview_preparation_available,portfolio_review_available,career_transition_support,entrepreneurship_guidance,higher_education_guidance,scholarship_guidance,internship_guidance,job_referral_support,professional_networking_available,volunteer_availability,mentoring_fee_type,mentoring_fee_amount,mentoring_currency,country,state,city,locality,work_location_type,remote_guidance_available,in_person_guidance_available,available_time_zone,preferred_days,preferred_time_slots,availability_status,available_from_date,hiring_status,hiring_for_roles,hiring_departments,internship_opportunities,entry_level_opportunities,referral_policy,job_application_url,company_careers_url,skills_required_for_roles,industry_trends_or_advice,preferred_connection_purpose,connection_request_enabled,messaging_enabled,profile_visibility,profile_consent_status,consent_date,identity_verification_status,professional_verification_method,verification_date,last_profile_updated_date,data_source,source_url,record_created_date,record_updated_date,additional_notes
PRO-SAMPLE-0001,sample,sample_only,Sample Professional 0001,Sample 0001,[SAMPLE] Software Engineer – Backend systems,Synthetic test profile for application development. Represents a entry level software engineer in information technology. Not a real person.,,,,,,,,in_platform_request,not_applicable,not_applicable,Sample Community Organisation (fictional),event_volunteer,Kargil,true,false,true,Software Engineer,Fictional Information Technology Company A (sample),Information Technology,software_engineering,Backend systems,entry_level,1,1,full_time,employed,,,,,,Java; Python; System design; REST APIs,Communication; Time management; Teamwork,Git; Docker; VS Code,English; Urdu; Hindi,bachelors,Computer Science,Sample University (fictional),2024,,,,false,,,,,,English; Urdu,0,,,false,false,false,false,false,false,false,false,false,false,false,false,false,,,,India,Ladakh,Kargil,,onsite,false,false,Asia/Kolkata,sunday; weekdays,evening,not_available,2026-10-03,unknown,,,,,not_offered,,,,,networking,false,false,test_environment_only,not_applicable,,unverified,none,,2026-10-03,synthetic_generator_v1,,2026-10-03,2026-10-03,SYNTHETIC TEST RECORD – not a real person; must never appear in public search results.
PRO-SAMPLE-0002,sample,sample_only,Sample Professional 0002,Sample 0002,[SAMPLE] Senior Software Engineer – Frontend engineering,Synthetic test profile for application development. Represents a mid level senior software engineer in information technology. Not a real person.,,,,,,,,in_platform_request,not_applicable,not_applicable,Sample Community Organisation (fictional),member,Patna,true,true,true,Senior Software Engineer,Fictional Information Technology Company B (sample),Information Technology,software_engineering,Frontend engineering,mid_level,4,4,full_time,employed,Fictional Previous Employer L (sample),Software Engineer,,,,Java; Python; System design; REST APIs,Communication; Problem solving; Teamwork,Git; Docker; VS Code,English; Urdu; Hindi,bachelors,Computer Science,Sample University (fictional),2021,,,,true,software_engineering,Interview preparation; Skill roadmap; Higher studies abroad,school_students; undergraduate_students,one_on_one; group,online,English; Urdu,3,monthly,6_months,true,true,true,true,true,true,false,false,false,false,false,true,true,free,0,,India,Bihar,Patna,,onsite,true,false,Asia/Kolkata,saturday; weekdays,evening,available,2026-10-03,unknown,,,,,not_offered,,,,,mentorship; career_advice,false,false,test_environment_only,not_applicable,,unverified,none,,2026-10-03,synthetic_generator_v1,,2026-10-03,2026-10-03,SYNTHETIC TEST RECORD – not a real person; must never appear in public search results.
PRO-SAMPLE-0003,sample,sample_only,Sample Professional 0003,Sample 0003,[SAMPLE] Senior Software Engineer – Mobile apps,Synthetic test profile for application development. Represents a senior senior software engineer in information technology. Not a real person.,,,,,,,,in_platform_request,not_applicable,not_applicable,Sample Community Organisation (fictional),volunteer_mentor,Srinagar,false,true,true,Senior Software Engineer,Fictional Information Technology Company C (sample),Information Technology,software_engineering,Mobile apps,senior,10,12,full_time,employed,Fictional Previous Employer M (sample),Software Engineer,,,,Java; Python; System design; REST APIs,Mentoring; Time management; Teamwork,Git; Docker; VS Code,English; Urdu; Hindi,masters,Computer Science,Sample University (fictional),2016,,,,true,software_engineering,First job search; Career planning; Higher studies abroad,career_changers; fresh_graduates,one_on_one,online,English; Urdu,5,monthly,3_months,true,true,false,true,true,true,false,true,false,false,false,true,true,free,0,,India,Jammu and Kashmir,Srinagar,,hybrid,true,false,Asia/Kolkata,sunday; saturday,evening,available,2026-10-03,unknown,,,,,not_offered,,,,,mentorship; career_advice,false,false,test_environment_only,not_applicable,,unverified,none,,2026-10-03,synthetic_generator_v1,,2026-10-03,2026-10-03,SYNTHETIC TEST RECORD – not a real person; must never appear in public search results.
PRO-SAMPLE-0004,sample,sample_only,Sample Professional 0004,Sample 0004,[SAMPLE] Engineering Manager – Backend systems,Synthetic test profile for application development. Represents a lead engineering manager in information technology. Not a real person.,,,,,,,,in_platform_request,not_applicable,not_applicable,Sample Community Organisation (fictional),volunteer_mentor,London,false,true,true,Engineering Manager,Fictional Information Technology Company D (sample),Information Technology,software_engineering,Backend systems,lead,19,21,full_time,employed,Fictional Previous Employer N (sample),Software Engineer,,,,Java; Python; System design; REST APIs,Negotiation; Teamwork; Mentoring,Git; Docker; VS Code,English,masters,Computer Science,Sample University (fictional),2007,,,,true,software_engineering,First job search; Starting a business; Resume and LinkedIn profile,career_changers; undergraduate_students,one_on_one,online; in_person,English,3,monthly,6_months,true,false,true,false,true,true,false,false,true,true,false,true,true,free,0,,United Kingdom,England,London,,hybrid,true,true,Europe/London,saturday; sunday,morning,available,2026-10-03,unknown,,,,,not_offered,,,,,mentorship; career_advice,false,false,test_environment_only,not_applicable,,unverified,none,,2026-10-03,synthetic_generator_v1,,2026-10-03,2026-10-03,SYNTHETIC TEST RECORD – not a real person; must never appear in public search results.
PRO-SAMPLE-0005,sample,sample_only,Sample Professional 0005,Sample 0005,[SAMPLE] Engineering Manager – Frontend engineering,Synthetic test profile for application development. Represents a executive engineering manager in information technology. Not a real person.,,,,,,,,in_platform_request,not_applicable,not_applicable,Sample Community Organisation (fictional),volunteer_mentor,Kargil,true,true,true,Engineering Manager,Fictional Information Technology Company E (sample),Information Technology,software_engineering,Frontend engineering,executive,18,20,full_time,employed,Fictional Previous Employer O (sample),Software Engineer,,,,Java; Python; System design; REST APIs,Problem solving; Negotiation; Communication,Git; Docker; VS Code,English; Urdu; Hindi,masters,Computer Science,Sample University (fictional),2008,,,,true,software_engineering,Freelancing basics; Skill roadmap; Career planning,career_changers; early_career_professionals,one_on_one; group,online; in_person,English; Urdu,2,fortnightly,ongoing,true,false,false,true,true,false,false,true,false,false,false,true,true,free,0,,India,Ladakh,Kargil,,hybrid,true,true,Asia/Kolkata,weekdays; friday,afternoon,available,2026-10-03,unknown,,,,,not_offered,,,,,mentorship; career_advice,false,false,test_environment_only,not_applicable,,unverified,none,,2026-10-03,synthetic_generator_v1,,2026-10-03,2026-10-03,SYNTHETIC TEST RECORD – not a real person; must never appear in public search results.
PRO-SAMPLE-0006,sample,sample_only,Sample Professional 0006,Sample 0006,[SAMPLE] Software Engineer – Mobile apps,Synthetic test profile for application development. Represents a entry level software engineer in information technology. Not a real person.,,,,,,,,in_platform_request,not_applicable,not_applicable,Sample Community Organisation (fictional),member,Patna,true,false,true,Software Engineer,Fictional Information Technology Company F (sample),Information Technology,software_engineering,Mobile apps,entry_level,3,3,full_time,employed,,,,,,Java; Python; System design; REST APIs,Public speaking; Negotiation; Teamwork,Git; Docker; VS Code,English; Urdu; Hindi,bachelors,Computer Science,Sample University (fictional),2022,,,,false,,,,,,English; Urdu,0,,,false,false,false,false,false,false,false,false,false,false,false,false,false,,,,India,Bihar,Patna,,hybrid,false,false,Asia/Kolkata,sunday; friday,evening,not_available,2026-10-03,unknown,,,,,not_offered,,,,,networking,false,false,test_environment_only,not_applicable,,unverified,none,,2026-10-03,synthetic_generator_v1,,2026-10-03,2026-10-03,SYNTHETIC TEST RECORD – not a real person; must never appear in public search results.
PRO-SAMPLE-0007,sample,sample_only,Sample Professional 0007,Sample 0007,[SAMPLE] Senior Software Engineer – Backend systems,Synthetic test profile for application development. Represents a mid level senior software engineer in information technology. Not a real person.,,,,,,,,in_platform_request,not_applicable,not_applicable,Sample Community Organisation (fictional),member,Bengaluru,true,true,true,Senior Software Engineer,Fictional Information Technology Company G (sample),Information Technology,software_engineering,Backend systems,mid_level,8,10,full_time,employed,Fictional Previous Employer Q (sample),Software Engineer,,,,Java; Python; System design; REST APIs,Mentoring; Leadership; Communication,Git; Docker; VS Code,English; Urdu; Hindi,bachelors,Computer Science,Sample University (fictional),2018,,,,true,software_engineering,Career planning; Resume and LinkedIn profile; Scholarship applications,early_career_professionals; undergraduate_students,one_on_one; group,online,English; Urdu,2,monthly,ongoing,true,true,false,true,true,false,false,true,true,false,false,true,true,free,0,,India,Karnataka,Bengaluru,,onsite,false,false,Asia/Kolkata,weekdays; saturday,afternoon,available,2026-10-03,unknown,,,,,not_offered,,,,,mentorship; career_advice,false,false,test_environment_only,not_applicable,,unverified,none,,2026-10-03,synthetic_generator_v1,,2026-10-03,2026-10-03,SYNTHETIC TEST RECORD – not a real person; must never appear in public search results.
PRO-SAMPLE-0008,sample,sample_only,Sample Professional 0008,Sample 0008,[SAMPLE] Senior Software Engineer – Frontend engineering,Synthetic test profile for application development. Represents a senior senior software engineer in information technology. Not a real person.,,,,,,,,in_platform_request,not_applicable,not_applicable,Sample Community Organisation (fictional),member,Kargil,false,true,false,Senior Software Engineer,Fictional Information Technology Company H (sample),Information Technology,software_engineering,Frontend engineering,senior,11,11,full_time,employed,Fictional Previous Employer R (sample),Software Engineer,,,,Java; Python; System design; REST APIs,Leadership; Negotiation; Teamwork,Git; Docker; VS Code,English; Urdu; Hindi,masters,Computer Science,Sample University (fictional),2015,,,,true,software_engineering,Scholarship applications; Interview preparation; Starting a business,early_career_professionals; undergraduate_students,one_on_one; group,online; in_person,English; Urdu,2,monthly,6_months,true,true,false,false,true,false,false,true,false,true,false,false,true,free,0,,India,Ladakh,Kargil,,onsite,true,true,Asia/Kolkata,saturday; friday,morning,available,2026-10-03,unknown,,,,,not_offered,,,,,mentorship; career_advice,false,false,test_environment_only,not_applicable,,unverified,none,,2026-10-03,synthetic_generator_v1,,2026-10-03,2026-10-03,SYNTHETIC TEST RECORD – not a real person; must never appear in public search results.
PRO-SAMPLE-0009,sample,sample_only,Sample Professional 0009,Sample 0009,[SAMPLE] Engineering Manager – Mobile apps,Synthetic test profile for application development. Represents a lead engineering manager in information technology. Not a real person.,,,,,,,,in_platform_request,not_applicable,not_applicable,Sample Community Organisation (fictional),event_volunteer,Patna,false,true,false,Engineering Manager,Fictional Information Technology Company I (sample),Information Technology,software_engineering,Mobile apps,lead,15,17,full_time,employed,Fictional Previous Employer S (sample),Software Engineer,,,,Java; Python; System design; REST APIs,Time management; Negotiation; Problem solving,Git; Docker; VS Code,English; Urdu; Hindi,masters,Computer Science,Sample University (fictional),2011,,,,true,software_engineering,Career planning; Switching careers; Starting a business,early_career_professionals; school_students,one_on_one,online,English; Urdu,3,weekly,1_month,true,false,false,false,true,true,false,false,false,false,false,true,true,free,0,,India,Bihar,Patna,,hybrid,true,false,Asia/Kolkata,saturday; friday,morning,available,2026-10-03,unknown,,,,,not_offered,,,,,mentorship; career_advice,false,false,test_environment_only,not_applicable,,unverified,none,,2026-10-03,synthetic_generator_v1,,2026-10-03,2026-10-03,SYNTHETIC TEST RECORD – not a real person; must never appear in public search results.
PRO-SAMPLE-0010,sample,sample_only,Sample Professional 0010,Sample 0010,[SAMPLE] Engineering Manager – Backend systems,Synthetic test profile for application development. Represents a executive engineering manager in information technology. Not a real person.,,,,,,,,in_platform_request,not_applicable,not_applicable,Sample Community Organisation (fictional),volunteer_mentor,Mumbai,true,true,false,Engineering Manager,Fictional Information Technology Company J (sample),Information Technology,software_engineering,Backend systems,executive,30,30,full_time,employed,Fictional Previous Employer T (sample),Software Engineer,,,,Java; Python; System design; REST APIs,Teamwork; Public speaking; Leadership,Git; Docker; VS Code,English; Urdu; Hindi,masters,Computer Science,Sample University (fictional),1996,,,,true,software_engineering,Resume and LinkedIn profile; Interview preparation; Starting a business,fresh_graduates; women_returning_to_work,one_on_one; group,online; in_person,English; Urdu,4,monthly,6_months,true,true,false,true,true,false,false,true,false,false,false,true,true,free,0,,India,Maharashtra,Mumbai,,hybrid,false,true,Asia/Kolkata,saturday; weekdays,evening,available,2026-10-03,unknown,,,,,not_offered,,,,,mentorship; career_advice,false,false,test_environment_only,not_applicable,,unverified,none,,2026-10-03,synthetic_generator_v1,,2026-10-03,2026-10-03,SYNTHETIC TEST RECORD – not a real person; must never appear in public search results.
PRO-SAMPLE-0011,sample,sample_only,Sample Professional 0011,Sample 0011,[SAMPLE] Data Analyst – BI reporting,Synthetic test profile for application development. Represents a entry level data analyst in information technology. Not a real person.,,,,,,,,in_platform_request,not_applicable,not_applicable,Sample Community Organisation (fictional),event_volunteer,Bengaluru,true,true,true,Data Analyst,Fictional Information Technology Company A (sample),Information Technology,data_analytics,BI reporting,entry_level,3,3,full_time,employed,,,,,,SQL; Statistics; Data visualisation,Communication; Problem solving; Teamwork,Power BI; Excel; Tableau,English; Urdu; Hindi,bachelors,Statistics,Sample University (fictional),2022,,,,true,data_analytics,Resume and LinkedIn profile; Scholarship applications; Higher studies abroad,postgraduate_students; career_changers,one_on_one; group,online,English; Urdu,2,fortnightly,6_months,true,true,false,true,false,false,false,false,false,false,false,true,true,free,0,,India,Karnataka,Bengaluru,,remote,true,false,Asia/Kolkata,sunday; saturday,afternoon,available,2026-10-03,unknown,,,,,not_offered,,,,,mentorship; career_advice,false,false,test_environment_only,not_applicable,,unverified,none,,2026-10-03,synthetic_generator_v1,,2026-10-03,2026-10-03,SYNTHETIC TEST RECORD – not a real person; must never appear in public search results.
PRO-SAMPLE-0012,sample,sample_only,Sample Professional 0012,Sample 0012,[SAMPLE] Senior Data Analyst – Product analytics,Synthetic test profile for application development. Represents a mid level senior data analyst in information technology. Not a real person.,,,,,,,,in_platform_request,not_applicable,not_applicable,Sample Community Organisation (fictional),member,Lucknow,false,true,false,Senior Data Analyst,Fictional Information Technology Company B (sample),Information Technology,data_analytics,Product analytics,mid_level,4,5,full_time,employed,Fictional Previous Employer L (sample),Data Analyst,,,,SQL; Statistics; Data visualisation,Mentoring; Negotiation; Problem solving,Power BI; Excel; Tableau,English; Urdu; Hindi,bachelors,Statistics,Sample University (fictional),2021,,,,true,data_analytics,Freelancing basics; Switching careers; Resume and LinkedIn profile,women_returning_to_work; postgraduate_students,one_on_one; group,online,English; Urdu,4,monthly,3_months,true,true,true,true,false,false,false,true,false,true,false,true,true,free,0,,India,Uttar Pradesh,Lucknow,,remote,true,false,Asia/Kolkata,weekdays; sunday,afternoon,available,2026-10-03,unknown,,,,,not_offered,,,,,mentorship; career_advice,false,false,test_environment_only,not_applicable,,unverified,none,,2026-10-03,synthetic_generator_v1,,2026-10-03,2026-10-03,SYNTHETIC TEST RECORD – not a real person; must never appear in public search results.
PRO-SAMPLE-0013,sample,sample_only,Sample Professional 0013,Sample 0013,[SAMPLE] Senior Data Analyst – Marketing analytics,Synthetic test profile for application development. Represents a senior senior data analyst in information technology. Not a real person.,,,,,,,,in_platform_request,not_applicable,not_applicable,Sample Community Organisation (fictional),member,Kargil,false,true,true,Senior Data Analyst,Fictional Information Technology Company C (sample),Information Technology,data_analytics,Marketing analytics,senior,11,11,full_time,employed,Fictional Previous Employer M (sample),Data Analyst,,,,SQL; Statistics; Data visualisation,Public speaking; Leadership; Mentoring,Power BI; Excel; Tableau,English; Urdu; Hindi,masters,Statistics,Sample University (fictional),2014,,,,true,data_analytics,Switching careers; Scholarship applications; Higher studies abroad,school_students; early_career_professionals,one_on_one,online,English; Urdu,2,monthly,1_month,true,true,true,false,false,true,false,true,false,true,false,true,true,free,0,,India,Ladakh,Kargil,,hybrid,true,false,Asia/Kolkata,saturday; weekdays,morning,available,2026-10-03,unknown,,,,,not_offered,,,,,mentorship; career_advice,false,false,test_environment_only,not_applicable,,unverified,none,,2026-10-03,synthetic_generator_v1,,2026-10-03,2026-10-03,SYNTHETIC TEST RECORD – not a real person; must never appear in public search results.
PRO-SAMPLE-0014,sample,sample_only,Sample Professional 0014,Sample 0014,[SAMPLE] Analytics Manager – BI reporting,Synthetic test profile for application development. Represents a lead analytics manager in information technology. Not a real person.,,,,,,,,in_platform_request,not_applicable,not_applicable,Sample Community Organisation (fictional),volunteer_mentor,Lucknow,true,true,true,Analytics Manager,Fictional Information Technology Company D (sample),Information Technology,data_analytics,BI reporting,lead,18,20,full_time,employed,Fictional Previous Employer N (sample),Data Analyst,,,,SQL; Statistics; Data visualisation,Leadership; Mentoring; Problem solving,Power BI; Excel; Tableau,English; Urdu; Hindi,masters,Statistics,Sample University (fictional),2008,,,,true,data_analytics,Resume and LinkedIn profile; Switching careers; Higher studies abroad,postgraduate_students; early_career_professionals,one_on_one,online; in_person,English; Urdu,5,monthly,ongoing,true,false,true,true,false,false,false,false,false,false,false,true,true,free,0,,India,Uttar Pradesh,Lucknow,,hybrid,true,true,Asia/Kolkata,sunday; friday,morning,available,2026-10-03,unknown,,,,,not_offered,,,,,mentorship; career_advice,false,false,test_environment_only,not_applicable,,unverified,none,,2026-10-03,synthetic_generator_v1,,2026-10-03,2026-10-03,SYNTHETIC TEST RECORD – not a real person; must never appear in public search results.
PRO-SAMPLE-0015,sample,sample_only,Sample Professional 0015,Sample 0015,[SAMPLE] Analytics Manager – Product analytics,Synthetic test profile for application development. Represents a executive analytics manager in information technology. Not a real person.,,,,,,,,in_platform_request,not_applicable,not_applicable,Sample Community Organisation (fictional),volunteer_mentor,Ahmedabad,true,true,true,Analytics Manager,Fictional Information Technology Company E (sample),Information Technology,data_analytics,Product analytics,executive,18,20,full_time,employed,Fictional Previous Employer O (sample),Data Analyst,,,,SQL; Statistics; Data visualisation,Leadership; Mentoring; Public speaking,Power BI; Excel; Tableau,English; Urdu; Hindi,masters,Statistics,Sample University (fictional),2007,,,,true,data_analytics,Freelancing basics; First job search; Career planning,women_returning_to_work; early_career_professionals,one_on_one,online,English; Urdu,2,fortnightly,6_months,true,true,true,true,false,false,false,false,false,false,false,true,true,free,0,,India,Gujarat,Ahmedabad,,onsite,true,false,Asia/Kolkata,sunday; weekdays,afternoon,available,2026-10-03,unknown,,,,,not_offered,,,,,mentorship; career_advice,false,false,test_environment_only,not_applicable,,unverified,none,,2026-10-03,synthetic_generator_v1,,2026-10-03,2026-10-03,SYNTHETIC TEST RECORD – not a real person; must never appear in public search results.
PRO-SAMPLE-0016,sample,sample_only,Sample Professional 0016,Sample 0016,[SAMPLE] Data Analyst – Marketing analytics,Synthetic test profile for application development. Represents a entry level data analyst in information technology. Not a real person.,,,,,,,,in_platform_request,not_applicable,not_applicable,Sample Community Organisation (fictional),volunteer_mentor,Patna,true,true,false,Data Analyst,Fictional Information Technology Company F (sample),Information Technology,data_analytics,Marketing analytics,entry_level,3,3,full_time,employed,,,,,,SQL; Statistics; Data visualisation,Public speaking; Time management; Leadership,Power BI; Excel; Tableau,English; Urdu; Hindi,bachelors,Statistics,Sample University (fictional),2022,,,,true,data_analytics,Resume and LinkedIn profile; Starting a business; Switching careers,fresh_graduates; career_changers,one_on_one; group,online,English; Urdu,4,fortnightly,6_months,true,false,false,true,false,true,false,true,false,false,false,true,true,free,0,,India,Bihar,Patna,,hybrid,true,false,Asia/Kolkata,weekdays; friday,evening,available,2026-10-03,unknown,,,,,not_offered,,,,,mentorship; career_advice,false,false,test_environment_only,not_applicable,,unverified,none,,2026-10-03,synthetic_generator_v1,,2026-10-03,2026-10-03,SYNTHETIC TEST RECORD – not a real person; must never appear in public search results.
PRO-SAMPLE-0017,sample,sample_only,Sample Professional 0017,Sample 0017,[SAMPLE] Senior Data Analyst – BI reporting,Synthetic test profile for application development. Represents a mid level senior data analyst in information technology. Not a real person.,,,,,,,,in_platform_request,not_applicable,not_applicable,Sample Community Organisation (fictional),volunteer_mentor,Ahmedabad,true,true,true,Senior Data Analyst,Fictional Information Technology Company G (sample),Information Technology,data_analytics,BI reporting,mid_level,6,7,full_time,employed,Fictional Previous Employer Q (sample),Data Analyst,,,,SQL; Statistics; Data visualisation,Teamwork; Problem solving; Mentoring,Power BI; Excel; Tableau,English; Urdu; Hindi,bachelors,Statistics,Sample University (fictional),2019,,,,true,data_analytics,First job search; Resume and LinkedIn profile; Skill roadmap,fresh_graduates; career_changers,one_on_one,online,English; Urdu,2,fortnightly,6_months,true,true,false,true,false,true,false,false,false,false,false,true,true,free,0,,India,Gujarat,Ahmedabad,,onsite,true,false,Asia/Kolkata,sunday; weekdays,afternoon,available,2026-10-03,unknown,,,,,not_offered,,,,,mentorship; career_advice,false,false,test_environment_only,not_applicable,,unverified,none,,2026-10-03,synthetic_generator_v1,,2026-10-03,2026-10-03,SYNTHETIC TEST RECORD – not a real person; must never appear in public search results.
PRO-SAMPLE-0018,sample,sample_only,Sample Professional 0018,Sample 0018,[SAMPLE] Senior Data Analyst – Product analytics,Synthetic test profile for application development. Represents a senior senior data analyst in information technology. Not a real person.,,,,,,,,in_platform_request,not_applicable,not_applicable,Sample Community Organisation (fictional),volunteer_mentor,Hyderabad,true,true,true,Senior Data Analyst,Fictional Information Technology Company H (sample),Information Technology,data_analytics,Product analytics,senior,10,12,full_time,employed,Fictional Previous Employer R (sample),Data Analyst,,,,SQL; Statistics; Data visualisation,Problem solving; Communication; Public speaking,Power BI; Excel; Tableau,English; Urdu; Hindi,masters,Statistics,Sample University (fictional),2016,,,,true,data_analytics,Switching careers; Career planning; Skill roadmap,school_students; fresh_graduates,one_on_one,online; in_person,English; Urdu,5,weekly,ongoing,true,false,false,false,false,true,false,true,false,true,false,false,true,free,0,,India,Telangana,Hyderabad,,onsite,true,true,Asia/Kolkata,friday; saturday,afternoon,available,2026-10-03,unknown,,,,,not_offered,,,,,mentorship; career_advice,false,false,test_environment_only,not_applicable,,unverified,none,,2026-10-03,synthetic_generator_v1,,2026-10-03,2026-10-03,SYNTHETIC TEST RECORD – not a real person; must never appear in public search results.
PRO-SAMPLE-0019,sample,sample_only,Sample Professional 0019,Sample 0019,[SAMPLE] Analytics Manager – Marketing analytics,Synthetic test profile for application development. Represents a lead analytics manager in information technology. Not a real person.,,,,,,,,in_platform_request,not_applicable,not_applicable,Sample Community Organisation (fictional),event_volunteer,Toronto,true,true,true,Analytics Manager,Fictional Information Technology Company I (sample),Information Technology,data_analytics,Marketing analytics,lead,18,18,full_time,employed,Fictional Previous Employer S (sample),Data Analyst,,,,SQL; Statistics; Data visualisation,Leadership; Problem solving; Teamwork,Power BI; Excel; Tableau,English,masters,Statistics,Sample University (fictional),2007,,,,true,data_analytics,Switching careers; Career planning; Interview preparation,undergraduate_students; early_career_professionals,one_on_one; group,online; in_person,English,2,weekly,3_months,true,false,false,true,false,false,false,true,false,true,false,true,true,free,0,,Canada,Ontario,Toronto,,remote,false,true,America/Toronto,friday; weekdays,afternoon,available,2026-10-03,unknown,,,,,not_offered,,,,,mentorship; career_advice,false,false,test_environment_only,not_applicable,,unverified,none,,2026-10-03,synthetic_generator_v1,,2026-10-03,2026-10-03,SYNTHETIC TEST RECORD – not a real person; must never appear in public search results.
PRO-SAMPLE-0020,sample,sample_only,Sample Professional 0020,Sample 0020,[SAMPLE] Analytics Manager – BI reporting,Synthetic test profile for application development. Represents a executive analytics manager in information technology. Not a real person.,,,,,,,,in_platform_request,not_applicable,not_applicable,Sample Community Organisation (fictional),member,New Delhi,false,true,true,Analytics Manager,Fictional Information Technology Company J (sample),Information Technology,data_analytics,BI reporting,executive,21,22,full_time,employed,Fictional Previous Employer T (sample),Data Analyst,,,,SQL; Statistics; Data visualisation,Public speaking; Leadership; Negotiation,Power BI; Excel; Tableau,English; Urdu; Hindi,masters,Statistics,Sample University (fictional),2004,,,,true,data_analytics,Career planning; Higher studies abroad; Freelancing basics,fresh_graduates; early_career_professionals,one_on_one,online; in_person,English; Urdu,3,fortnightly,3_months,true,true,true,true,false,false,false,false,false,false,false,true,true,free,0,,India,Delhi,New Delhi,,onsite,true,true,Asia/Kolkata,weekdays; friday,afternoon,available,2026-10-03,unknown,,,,,not_offered,,,,,mentorship; career_advice,false,false,test_environment_only,not_applicable,,unverified,none,,2026-10-03,synthetic_generator_v1,,2026-10-03,2026-10-03,SYNTHETIC TEST RECORD – not a real person; must never appear in public search results.
PRO-SAMPLE-0021,sample,sample_only,Sample Professional 0021,Sample 0021,[SAMPLE] Data Scientist – NLP,Synthetic test profile for application development. Represents a entry level data scientist in information technology. Not a real person.,,,,,,,,in_platform_request,not_applicable,not_applicable,Sample Community Organisation (fictional),volunteer_mentor,Chennai,true,true,true,Data Scientist,Fictional Information Technology Company A (sample),Information Technology,data_science_ai,NLP,entry_level,1,1,full_time,employed,,,,,,Python; Machine learning; Deep learning,Negotiation; Time management; Leadership,PyTorch; scikit-learn; Jupyter,English; Urdu; Hindi,bachelors,Computer Science,Sample University (fictional),2024,,,,true,data_science_ai,Career planning; Scholarship applications; Switching careers,undergraduate_students; postgraduate_students,one_on_one; group,online; in_person,English; Urdu,1,monthly,ongoing,true,true,false,true,false,true,false,false,false,false,false,true,true,free,0,,India,Tamil Nadu,Chennai,,onsite,true,true,Asia/Kolkata,weekdays; friday,evening,available,2026-10-03,unknown,,,,,not_offered,,,,,mentorship; career_advice,false,false,test_environment_only,not_applicable,,unverified,none,,2026-10-03,synthetic_generator_v1,,2026-10-03,2026-10-03,SYNTHETIC TEST RECORD – not a real person; must never appear in public search results.
PRO-SAMPLE-0022,sample,sample_only,Sample Professional 0022,Sample 0022,[SAMPLE] Senior ML Engineer – Computer vision,Synthetic test profile for application development. Represents a mid level senior ml engineer in information technology. Not a real person.,,,,,,,,in_platform_request,not_applicable,not_applicable,Sample Community Organisation (fictional),member,Dubai,true,true,true,Senior ML Engineer,Fictional Information Technology Company B (sample),Information Technology,data_science_ai,Computer vision,mid_level,8,8,full_time,employed,Fictional Previous Employer L (sample),Data Scientist,,,,Python; Machine learning; Deep learning,Mentoring; Teamwork; Time management,PyTorch; scikit-learn; Jupyter,English; Arabic,bachelors,Computer Science,Sample University (fictional),2017,,,,true,data_science_ai,Starting a business; Career planning; Switching careers,postgraduate_students; career_changers,one_on_one; group,online,English,3,weekly,3_months,true,true,false,true,false,false,false,true,false,true,false,true,true,free,0,,United Arab Emirates,Dubai,Dubai,,hybrid,false,false,Asia/Dubai,sunday; friday,morning,available,2026-10-03,unknown,,,,,not_offered,,,,,mentorship; career_advice,false,false,test_environment_only,not_applicable,,unverified,none,,2026-10-03,synthetic_generator_v1,,2026-10-03,2026-10-03,SYNTHETIC TEST RECORD – not a real person; must never appear in public search results.
PRO-SAMPLE-0023,sample,sample_only,Sample Professional 0023,Sample 0023,[SAMPLE] Senior ML Engineer – Forecasting,Synthetic test profile for application development. Represents a senior senior ml engineer in information technology. Not a real person.,,,,,,,,in_platform_request,not_applicable,not_applicable,Sample Community Organisation (fictional),event_volunteer,Toronto,false,true,true,Senior ML Engineer,Fictional Information Technology Company C (sample),Information Technology,data_science_ai,Forecasting,senior,14,15,full_time,employed,Fictional Previous Employer M (sample),Data Scientist,,,,Python; Machine learning; Deep learning,Problem solving; Mentoring; Communication,PyTorch; scikit-learn; Jupyter,English,masters,Computer Science,Sample University (fictional),2012,,,,true,data_science_ai,Resume and LinkedIn profile; Interview preparation; Career planning,postgraduate_students; career_changers,one_on_one,online; in_person,English,2,fortnightly,1_month,true,true,true,true,false,true,false,true,false,false,false,true,true,free,0,,Canada,Ontario,Toronto,,onsite,true,true,America/Toronto,friday; sunday,morning,available,2026-10-03,unknown,,,,,not_offered,,,,,mentorship; career_advice,false,false,test_environment_only,not_applicable,,unverified,none,,2026-10-03,synthetic_generator_v1,,2026-10-03,2026-10-03,SYNTHETIC TEST RECORD – not a real person; must never appear in public search results.
PRO-SAMPLE-0024,sample,sample_only,Sample Professional 0024,Sample 0024,[SAMPLE] Head of AI – NLP,Synthetic test profile for application development. Represents a lead head of ai in information technology. Not a real person.,,,,,,,,in_platform_request,not_applicable,not_applicable,Sample Community Organisation (fictional),member,Patna,true,true,true,Head of AI,Fictional Information Technology Company D (sample),Information Technology,data_science_ai,NLP,lead,15,15,full_time,employed,Fictional Previous Employer N (sample),Data Scientist,,,,Python; Machine learning; Deep learning,Teamwork; Problem solving; Leadership,PyTorch; scikit-learn; Jupyter,English; Urdu; Hindi,masters,Computer Science,Sample University (fictional),2011,,,,true,data_science_ai,Higher studies abroad; Career planning; Skill roadmap,fresh_graduates; undergraduate_students,one_on_one; group,online; in_person,English; Urdu,5,fortnightly,3_months,true,false,false,true,false,true,false,true,false,true,false,true,true,free,0,,India,Bihar,Patna,,onsite,true,true,Asia/Kolkata,sunday; weekdays,morning,available,2026-10-03,unknown,,,,,not_offered,,,,,mentorship; career_advice,false,false,test_environment_only,not_applicable,,unverified,none,,2026-10-03,synthetic_generator_v1,,2026-10-03,2026-10-03,SYNTHETIC TEST RECORD – not a real person; must never appear in public search results.
PRO-SAMPLE-0025,sample,sample_only,Sample Professional 0025,Sample 0025,[SAMPLE] Head of AI – Computer vision,Synthetic test profile for application development. Represents a executive head of ai in information technology. Not a real person.,,,,,,,,in_platform_request,not_applicable,not_applicable,Sample Community Organisation (fictional),volunteer_mentor,Bengaluru,true,true,false,Head of AI,Fictional Information Technology Company E (sample),Information Technology,data_science_ai,Computer vision,executive,18,20,full_time,employed,Fictional Previous Employer O (sample),Data Scientist,,,,Python; Machine learning; Deep learning,Leadership; Communication; Problem solving,PyTorch; scikit-learn; Jupyter,English; Urdu; Hindi,masters,Computer Science,Sample University (fictional),2007,,,,true,data_science_ai,Freelancing basics; Career planning; Scholarship applications,undergraduate_students; early_career_professionals,one_on_one; group,online; in_person,English; Urdu,5,monthly,3_months,true,true,true,true,false,true,false,false,true,false,false,false,true,free,0,,India,Karnataka,Bengaluru,,hybrid,true,true,Asia/Kolkata,weekdays; friday,evening,available,2026-10-03,unknown,,,,,not_offered,,,,,mentorship; career_advice,false,false,test_environment_only,not_applicable,,unverified,none,,2026-10-03,synthetic_generator_v1,,2026-10-03,2026-10-03,SYNTHETIC TEST RECORD – not a real person; must never appear in public search results.
PRO-SAMPLE-0026,sample,sample_only,Sample Professional 0026,Sample 0026,[SAMPLE] Data Scientist – Forecasting,Synthetic test profile for application development. Represents a entry level data scientist in information technology. Not a real person.,,,,,,,,in_platform_request,not_applicable,not_applicable,Sample Community Organisation (fictional),member,Hyderabad,true,true,true,Data Scientist,Fictional Information Technology Company F (sample),Information Technology,data_science_ai,Forecasting,entry_level,2,2,full_time,employed,,,,,,Python; Machine learning; Deep learning,Teamwork; Mentoring; Problem solving,PyTorch; scikit-learn; Jupyter,English; Urdu; Hindi,bachelors,Computer Science,Sample University (fictional),2023,,,,true,data_science_ai,Starting a business; First job search; Higher studies abroad,women_returning_to_work; school_students,one_on_one; group,online,English; Urdu,5,fortnightly,3_months,true,true,false,true,false,true,false,false,false,false,false,true,true,free,0,,India,Telangana,Hyderabad,,onsite,true,false,Asia/Kolkata,sunday; weekdays,morning,available,2026-10-03,unknown,,,,,not_offered,,,,,mentorship; career_advice,false,false,test_environment_only,not_applicable,,unverified,none,,2026-10-03,synthetic_generator_v1,,2026-10-03,2026-10-03,SYNTHETIC TEST RECORD – not a real person; must never appear in public search results.
PRO-SAMPLE-0027,sample,sample_only,Sample Professional 0027,Sample 0027,[SAMPLE] Senior ML Engineer – NLP,Synthetic test profile for application development. Represents a mid level senior ml engineer in information technology. Not a real person.,,,,,,,,in_platform_request,not_applicable,not_applicable,Sample Community Organisation (fictional),member,Srinagar,true,true,true,Senior ML Engineer,Fictional Information Technology Company G (sample),Information Technology,data_science_ai,NLP,mid_level,8,10,full_time,employed,Fictional Previous Employer Q (sample),Data Scientist,,,,Python; Machine learning; Deep learning,Public speaking; Problem solving; Negotiation,PyTorch; scikit-learn; Jupyter,English; Urdu; Hindi,bachelors,Computer Science,Sample University (fictional),2017,,,,true,data_science_ai,Switching careers; Career planning; Interview preparation,early_career_professionals; school_students,one_on_one; group,online,English; Urdu,1,monthly,ongoing,true,true,true,true,false,true,false,false,false,true,false,false,true,free,0,,India,Jammu and Kashmir,Srinagar,,hybrid,true,false,Asia/Kolkata,sunday; saturday,morning,available,2026-10-03,unknown,,,,,not_offered,,,,,mentorship; career_advice,false,false,test_environment_only,not_applicable,,unverified,none,,2026-10-03,synthetic_generator_v1,,2026-10-03,2026-10-03,SYNTHETIC TEST RECORD – not a real person; must never appear in public search results.
PRO-SAMPLE-0028,sample,sample_only,Sample Professional 0028,Sample 0028,[SAMPLE] Senior ML Engineer – Computer vision,Synthetic test profile for application development. Represents a senior senior ml engineer in information technology. Not a real person.,,,,,,,,in_platform_request,not_applicable,not_applicable,Sample Community Organisation (fictional),event_volunteer,Dubai,false,true,true,Senior ML Engineer,Fictional Information Technology Company H (sample),Information Technology,data_science_ai,Computer vision,senior,15,15,full_time,employed,Fictional Previous Employer R (sample),Data Scientist,,,,Python; Machine learning; Deep learning,Negotiation; Mentoring; Public speaking,PyTorch; scikit-learn; Jupyter,English; Arabic,masters,Computer Science,Sample University (fictional),2011,,,,true,data_science_ai,Skill roadmap; Resume and LinkedIn profile; First job search,fresh_graduates; postgraduate_students,one_on_one; group,online; in_person,English,3,fortnightly,1_month,true,true,false,false,false,false,false,true,false,true,false,false,true,free,0,,United Arab Emirates,Dubai,Dubai,,hybrid,true,true,Asia/Dubai,friday; saturday,morning,available,2026-10-03,unknown,,,,,not_offered,,,,,mentorship; career_advice,false,false,test_environment_only,not_applicable,,unverified,none,,2026-10-03,synthetic_generator_v1,,2026-10-03,2026-10-03,SYNTHETIC TEST RECORD – not a real person; must never appear in public search results.
PRO-SAMPLE-0029,sample,sample_only,Sample Professional 0029,Sample 0029,[SAMPLE] Head of AI – Forecasting,Synthetic test profile for application development. Represents a lead head of ai in information technology. Not a real person.,,,,,,,,in_platform_request,not_applicable,not_applicable,Sample Community Organisation (fictional),event_volunteer,New Delhi,false,true,true,Head of AI,Fictional Information Technology Company I (sample),Information Technology,data_science_ai,Forecasting,lead,14,16,full_time,employed,Fictional Previous Employer S (sample),Data Scientist,,,,Python; Machine learning; Deep learning,Negotiation; Communication; Mentoring,PyTorch; scikit-learn; Jupyter,English; Urdu; Hindi,masters,Computer Science,Sample University (fictional),2011,,,,true,data_science_ai,Interview preparation; Skill roadmap; Resume and LinkedIn profile,women_returning_to_work; career_changers,one_on_one,online,English; Urdu,5,weekly,3_months,true,true,false,true,false,true,false,false,false,true,false,true,true,free,0,,India,Delhi,New Delhi,,remote,true,false,Asia/Kolkata,friday; sunday,evening,available,2026-10-03,unknown,,,,,not_offered,,,,,mentorship; career_advice,false,false,test_environment_only,not_applicable,,unverified,none,,2026-10-03,synthetic_generator_v1,,2026-10-03,2026-10-03,SYNTHETIC TEST RECORD – not a real person; must never appear in public search results.
PRO-SAMPLE-0030,sample,sample_only,Sample Professional 0030,Sample 0030,[SAMPLE] Head of AI – NLP,Synthetic test profile for application development. Represents a executive head of ai in information technology. Not a real person.,,,,,,,,in_platform_request,not_applicable,not_applicable,Sample Community Organisation (fictional),volunteer_mentor,Srinagar,true,true,true,Head of AI,Fictional Information Technology Company J (sample),Information Technology,data_science_ai,NLP,executive,21,22,full_time,employed,Fictional Previous Employer T (sample),Data Scientist,,,,Python; Machine learning; Deep learning,Leadership; Negotiation; Mentoring,PyTorch; scikit-learn; Jupyter,English; Urdu; Hindi,masters,Computer Science,Sample University (fictional),2005,,,,true,data_science_ai,Freelancing basics; Interview preparation; Higher studies abroad,undergraduate_students; career_changers,one_on_one,online; in_person,English; Urdu,2,fortnightly,3_months,true,true,true,false,false,true,false,false,false,true,false,true,true,free,0,,India,Jammu and Kashmir,Srinagar,,hybrid,true,true,Asia/Kolkata,sunday; saturday,afternoon,available,2026-10-03,unknown,,,,,not_offered,,,,,mentorship; career_advice,false,false,test_environment_only,not_applicable,,unverified,none,,2026-10-03,synthetic_generator_v1,,2026-10-03,2026-10-03,SYNTHETIC TEST RECORD – not a real person; must never appear in public search results.
PRO-SAMPLE-0031,sample,sample_only,Sample Professional 0031,Sample 0031,[SAMPLE] Cloud Engineer – Kubernetes platforms,Synthetic test profile for application development. Represents a entry level cloud engineer in information technology. Not a real person.,,,,,,,,in_platform_request,not_applicable,not_applicable,Sample Community Organisation (fictional),volunteer_mentor,Patna,false,false,true,Cloud Engineer,Fictional Information Technology Company A (sample),Information Technology,cloud_devops,Kubernetes platforms,entry_level,3,3,full_time,employed,,,,,,Linux; Networking; Infrastructure as code,Public speaking; Time management; Teamwork,Terraform; Kubernetes; GitHub Actions,English; Urdu; Hindi,bachelors,Information Technology,Sample University (fictional),2023,,,,false,,,,,,English; Urdu,0,,,false,false,false,false,false,false,false,false,false,false,false,true,false,,,,India,Bihar,Patna,,hybrid,false,false,Asia/Kolkata,saturday; friday,afternoon,not_available,2026-10-03,unknown,,,,,not_offered,,,,,networking,false,false,test_environment_only,not_applicable,,unverified,none,,2026-10-03,synthetic_generator_v1,,2026-10-03,2026-10-03,SYNTHETIC TEST RECORD – not a real person; must never appear in public search results.
PRO-SAMPLE-0032,sample,sample_only,Sample Professional 0032,Sample 0032,[SAMPLE] Senior DevOps Engineer – CI/CD,Synthetic test profile for application development. Represents a mid level senior devops engineer in information technology. Not a real person.,,,,,,,,in_platform_request,not_applicable,not_applicable,Sample Community Organisation (fictional),event_volunteer,Srinagar,false,true,false,Senior DevOps Engineer,Fictional Information Technology Company B (sample),Information Technology,cloud_devops,CI/CD,mid_level,8,8,full_time,employed,Fictional Previous Employer L (sample),Cloud Engineer,,,,Linux; Networking; Infrastructure as code,Leadership; Time management; Public speaking,Terraform; Kubernetes; GitHub Actions,English; Urdu; Hindi,bachelors,Information Technology,Sample University (fictional),2018,,,,true,cloud_devops,Resume and LinkedIn profile; Interview preparation; First job search,women_returning_to_work; career_changers,one_on_one,online,English; Urdu,3,weekly,ongoing,true,true,false,false,false,false,false,true,false,true,false,true,true,free,0,,India,Jammu and Kashmir,Srinagar,,remote,true,false,Asia/Kolkata,saturday; sunday,evening,available,2026-10-03,unknown,,,,,not_offered,,,,,mentorship; career_advice,false,false,test_environment_only,not_applicable,,unverified,none,,2026-10-03,synthetic_generator_v1,,2026-10-03,2026-10-03,SYNTHETIC TEST RECORD – not a real person; must never appear in public search results.
PRO-SAMPLE-0033,sample,sample_only,Sample Professional 0033,Sample 0033,[SAMPLE] Senior DevOps Engineer – Cloud cost optimisation,Synthetic test profile for application development. Represents a senior senior devops engineer in information technology. Not a real person.,,,,,,,,in_platform_request,not_applicable,not_applicable,Sample Community Organisation (fictional),member,Bengaluru,true,true,true,Senior DevOps Engineer,Fictional Information Technology Company C (sample),Information Technology,cloud_devops,Cloud cost optimisation,senior,12,12,full_time,employed,Fictional Previous Employer M (sample),Cloud Engineer,,,,Linux; Networking; Infrastructure as code,Communication; Problem solving; Time management,Terraform; Kubernetes; GitHub Actions,English; Urdu; Hindi,masters,Information Technology,Sample University (fictional),2014,,,,true,cloud_devops,Scholarship applications; Career planning; Resume and LinkedIn profile,career_changers; postgraduate_students,one_on_one,online,English; Urdu,4,monthly,1_month,true,false,true,true,false,false,false,true,true,true,false,false,true,free,0,,India,Karnataka,Bengaluru,,onsite,false,false,Asia/Kolkata,weekdays; saturday,morning,available,2026-10-03,unknown,,,,,not_offered,,,,,mentorship; career_advice,false,false,test_environment_only,not_applicable,,unverified,none,,2026-10-03,synthetic_generator_v1,,2026-10-03,2026-10-03,SYNTHETIC TEST RECORD – not a real person; must never appear in public search results.
PRO-SAMPLE-0034,sample,sample_only,Sample Professional 0034,Sample 0034,[SAMPLE] Platform Engineering Lead – Kubernetes platforms,Synthetic test profile for application development. Represents a lead platform engineering lead in information technology. Not a real person.,,,,,,,,in_platform_request,not_applicable,not_applicable,Sample Community Organisation (fictional),event_volunteer,Lucknow,false,true,false,Platform Engineering Lead,Fictional Information Technology Company D (sample),Information Technology,cloud_devops,Kubernetes platforms,lead,20,20,full_time,employed,Fictional Previous Employer N (sample),Cloud Engineer,,,,Linux; Networking; Infrastructure as code,Public speaking; Leadership; Mentoring,Terraform; Kubernetes; GitHub Actions,English; Urdu; Hindi,masters,Information Technology,Sample University (fictional),2005,,,,true,cloud_devops,Starting a business; Switching careers; Scholarship applications,school_students; career_changers,one_on_one; group,online,English; Urdu,2,monthly,6_months,true,true,false,false,false,true,false,true,true,false,false,true,true,free,0,,India,Uttar Pradesh,Lucknow,,remote,true,false,Asia/Kolkata,saturday; weekdays,morning,available,2026-10-03,unknown,,,,,not_offered,,,,,mentorship; career_advice,false,false,test_environment_only,not_applicable,,unverified,none,,2026-10-03,synthetic_generator_v1,,2026-10-03,2026-10-03,SYNTHETIC TEST RECORD – not a real person; must never appear in public search results.
PRO-SAMPLE-0035,sample,sample_only,Sample Professional 0035,Sample 0035,[SAMPLE] Platform Engineering Lead – CI/CD,Synthetic test profile for application development. Represents a executive platform engineering lead in information technology. Not a real person.,,,,,,,,in_platform_request,not_applicable,not_applicable,Sample Community Organisation (fictional),member,Mumbai,true,true,true,Platform Engineering Lead,Fictional Information Technology Company E (sample),Information Technology,cloud_devops,CI/CD,executive,29,31,full_time,employed,Fictional Previous Employer O (sample),Cloud Engineer,,,,Linux; Networking; Infrastructure as code,Time management; Problem solving; Leadership,Terraform; Kubernetes; GitHub Actions,English; Urdu; Hindi,masters,Information Technology,Sample University (fictional),1997,,,,true,cloud_devops,Skill roadmap; Interview preparation; Freelancing basics,postgraduate_students; school_students,one_on_one; group,online,English; Urdu,3,fortnightly,6_months,true,true,false,false,false,true,false,false,true,false,false,true,true,free,0,,India,Maharashtra,Mumbai,,hybrid,false,false,Asia/Kolkata,saturday; weekdays,evening,available,2026-10-03,unknown,,,,,not_offered,,,,,mentorship; career_advice,false,false,test_environment_only,not_applicable,,unverified,none,,2026-10-03,synthetic_generator_v1,,2026-10-03,2026-10-03,SYNTHETIC TEST RECORD – not a real person; must never appear in public search results.
PRO-SAMPLE-0036,sample,sample_only,Sample Professional 0036,Sample 0036,[SAMPLE] Cloud Engineer – Cloud cost optimisation,Synthetic test profile for application development. Represents a entry level cloud engineer in information technology. Not a real person.,,,,,,,,in_platform_request,not_applicable,not_applicable,Sample Community Organisation (fictional),volunteer_mentor,Pune,true,false,true,Cloud Engineer,Fictional Information Technology Company F (sample),Information Technology,cloud_devops,Cloud cost optimisation,entry_level,3,3,full_time,employed,,,,,,Linux; Networking; Infrastructure as code,Communication; Negotiation; Problem solving,Terraform; Kubernetes; GitHub Actions,English; Urdu; Hindi,bachelors,Information Technology,Sample University (fictional),2022,,,,false,,,,,,English; Urdu,0,,,false,false,false,false,false,false,false,false,false,false,false,true,false,,,,India,Maharashtra,Pune,,onsite,false,false,Asia/Kolkata,weekdays; friday,evening,not_available,2026-10-03,unknown,,,,,not_offered,,,,,networking,false,false,test_environment_only,not_applicable,,unverified,none,,2026-10-03,synthetic_generator_v1,,2026-10-03,2026-10-03,SYNTHETIC TEST RECORD – not a real person; must never appear in public search results.
PRO-SAMPLE-0037,sample,sample_only,Sample Professional 0037,Sample 0037,[SAMPLE] Senior DevOps Engineer – Kubernetes platforms,Synthetic test profile for application development. Represents a mid level senior devops engineer in information technology. Not a real person.,,,,,,,,in_platform_request,not_applicable,not_applicable,Sample Community Organisation (fictional),event_volunteer,Kolkata,true,true,false,Senior DevOps Engineer,Fictional Information Technology Company G (sample),Information Technology,cloud_devops,Kubernetes platforms,mid_level,5,5,full_time,employed,Fictional Previous Employer Q (sample),Cloud Engineer,,,,Linux; Networking; Infrastructure as code,Time management; Communication; Public speaking,Terraform; Kubernetes; GitHub Actions,English; Urdu; Hindi,bachelors,Information Technology,Sample University (fictional),2020,,,,true,cloud_devops,First job search; Resume and LinkedIn profile; Interview preparation,career_changers; fresh_graduates,one_on_one; group,online,English; Urdu,5,monthly,1_month,true,false,false,true,false,false,false,false,false,false,false,true,true,free,0,,India,West Bengal,Kolkata,,onsite,true,false,Asia/Kolkata,weekdays; friday,evening,available,2026-10-03,unknown,,,,,not_offered,,,,,mentorship; career_advice,false,false,test_environment_only,not_applicable,,unverified,none,,2026-10-03,synthetic_generator_v1,,2026-10-03,2026-10-03,SYNTHETIC TEST RECORD – not a real person; must never appear in public search results.
PRO-SAMPLE-0038,sample,sample_only,Sample Professional 0038,Sample 0038,[SAMPLE] Senior DevOps Engineer – CI/CD,Synthetic test profile for application development. Represents a senior senior devops engineer in information technology. Not a real person.,,,,,,,,in_platform_request,not_applicable,not_applicable,Sample Community Organisation (fictional),member,New Delhi,true,true,false,Senior DevOps Engineer,Fictional Information Technology Company H (sample),Information Technology,cloud_devops,CI/CD,senior,14,15,full_time,employed,Fictional Previous Employer R (sample),Cloud Engineer,,,,Linux; Networking; Infrastructure as code,Mentoring; Leadership; Teamwork,Terraform; Kubernetes; GitHub Actions,English; Urdu; Hindi,masters,Information Technology,Sample University (fictional),2012,,,,true,cloud_devops,Scholarship applications; Switching careers; Starting a business,women_returning_to_work; career_changers,one_on_one; group,online,English; Urdu,5,monthly,6_months,true,true,false,false,false,true,false,false,true,false,false,true,true,free,0,,India,Delhi,New Delhi,,remote,true,false,Asia/Kolkata,friday; sunday,afternoon,available,2026-10-03,unknown,,,,,not_offered,,,,,mentorship; career_advice,false,false,test_environment_only,not_applicable,,unverified,none,,2026-10-03,synthetic_generator_v1,,2026-10-03,2026-10-03,SYNTHETIC TEST RECORD – not a real person; must never appear in public search results.
PRO-SAMPLE-0039,sample,sample_only,Sample Professional 0039,Sample 0039,[SAMPLE] Platform Engineering Lead – Cloud cost optimisation,Synthetic test profile for application development. Represents a lead platform engineering lead in information technology. Not a real person.,,,,,,,,in_platform_request,not_applicable,not_applicable,Sample Community Organisation (fictional),event_volunteer,Toronto,true,true,false,Platform Engineering Lead,Fictional Information Technology Company I (sample),Information Technology,cloud_devops,Cloud cost optimisation,lead,20,22,full_time,employed,Fictional Previous Employer S (sample),Cloud Engineer,,,,Linux; Networking; Infrastructure as code,Negotiation; Leadership; Problem solving,Terraform; Kubernetes; GitHub Actions,English,masters,Information Technology,Sample University (fictional),2005,,,,true,cloud_devops,Higher studies abroad; Freelancing basics; First job search,fresh_graduates; undergraduate_students,one_on_one; group,online,English,4,weekly,1_month,true,false,false,false,false,true,false,false,false,false,false,true,true,free,0,,Canada,Ontario,Toronto,,remote,true,false,America/Toronto,sunday; weekdays,morning,available,2026-10-03,unknown,,,,,not_offered,,,,,mentorship; career_advice,false,false,test_environment_only,not_applicable,,unverified,none,,2026-10-03,synthetic_generator_v1,,2026-10-03,2026-10-03,SYNTHETIC TEST RECORD – not a real person; must never appear in public search results.
PRO-SAMPLE-0040,sample,sample_only,Sample Professional 0040,Sample 0040,[SAMPLE] Platform Engineering Lead – Kubernetes platforms,Synthetic test profile for application development. Represents a executive platform engineering lead in information technology. Not a real person.,,,,,,,,in_platform_request,not_applicable,not_applicable,Sample Community Organisation (fictional),member,London,false,true,true,Platform Engineering Lead,Fictional Information Technology Company J (sample),Information Technology,cloud_devops,Kubernetes platforms,executive,27,27,full_time,employed,Fictional Previous Employer T (sample),Cloud Engineer,,,,Linux; Networking; Infrastructure as code,Teamwork; Leadership; Time management,Terraform; Kubernetes; GitHub Actions,English,masters,Information Technology,Sample University (fictional),1998,,,,true,cloud_devops,Resume and LinkedIn profile; Switching careers; Skill roadmap,career_changers; school_students,one_on_one,online; in_person,English,4,monthly,6_months,true,true,true,true,false,true,false,false,true,true,false,true,true,free,0,,United Kingdom,England,London,,hybrid,true,true,Europe/London,sunday; weekdays,morning,available,2026-10-03,unknown,,,,,not_offered,,,,,mentorship; career_advice,false,false,test_environment_only,not_applicable,,unverified,none,,2026-10-03,synthetic_generator_v1,,2026-10-03,2026-10-03,SYNTHETIC TEST RECORD – not a real person; must never appear in public search results.
PRO-SAMPLE-0041,sample,sample_only,Sample Professional 0041,Sample 0041,[SAMPLE] Security Analyst – SOC operations,Synthetic test profile for application development. Represents a entry level security analyst in information technology. Not a real person.,,,,,,,,in_platform_request,not_applicable,not_applicable,Sample Community Organisation (fictional),event_volunteer,Pune,true,false,true,Security Analyst,Fictional Information Technology Company A (sample),Information Technology,cybersecurity,SOC operations,entry_level,2,2,full_time,employed,,,,,,Threat detection; Incident response; Risk assessment,Mentoring; Public speaking; Problem solving,SIEM tools; Burp Suite; Wireshark,English; Urdu; Hindi,bachelors,Information Security,Sample University (fictional),2023,,,,false,,,,,,English; Urdu,0,,,false,false,false,false,false,false,false,false,false,false,false,false,false,,,,India,Maharashtra,Pune,,hybrid,false,false,Asia/Kolkata,weekdays; sunday,afternoon,not_available,2026-10-03,unknown,,,,,not_offered,,,,,networking,false,false,test_environment_only,not_applicable,,unverified,none,,2026-10-03,synthetic_generator_v1,,2026-10-03,2026-10-03,SYNTHETIC TEST RECORD – not a real person; must never appear in public search results.
PRO-SAMPLE-0042,sample,sample_only,Sample Professional 0042,Sample 0042,[SAMPLE] Senior Security Engineer – Application security,Synthetic test profile for application development. Represents a mid level senior security engineer in information technology. Not a real person.,,,,,,,,in_platform_request,not_applicable,not_applicable,Sample Community Organisation (fictional),event_volunteer,Pune,true,true,true,Senior Security Engineer,Fictional Information Technology Company B (sample),Information Technology,cybersecurity,Application security,mid_level,5,7,full_time,employed,Fictional Previous Employer L (sample),Security Analyst,,,,Threat detection; Incident response; Risk assessment,Negotiation; Time management; Leadership,SIEM tools; Burp Suite; Wireshark,English; Urdu; Hindi,bachelors,Information Security,Sample University (fictional),2020,,,,true,cybersecurity,Career planning; First job search; Higher studies abroad,early_career_professionals; undergraduate_students,one_on_one; group,online; in_person,English; Urdu,4,monthly,1_month,true,false,false,false,false,true,false,true,false,false,false,true,true,free,0,,India,Maharashtra,Pune,,onsite,true,true,Asia/Kolkata,friday; saturday,morning,available,2026-10-03,unknown,,,,,not_offered,,,,,mentorship; career_advice,false,false,test_environment_only,not_applicable,,unverified,none,,2026-10-03,synthetic_generator_v1,,2026-10-03,2026-10-03,SYNTHETIC TEST RECORD – not a real person; must never appear in public search results.
PRO-SAMPLE-0043,sample,sample_only,Sample Professional 0043,Sample 0043,[SAMPLE] Senior Security Engineer – Governance and risk,Synthetic test profile for application development. Represents a senior senior security engineer in information technology. Not a real person.,,,,,,,,in_platform_request,not_applicable,not_applicable,Sample Community Organisation (fictional),volunteer_mentor,Hyderabad,true,true,true,Senior Security Engineer,Fictional Information Technology Company C (sample),Information Technology,cybersecurity,Governance and risk,senior,14,14,full_time,employed,Fictional Previous Employer M (sample),Security Analyst,,,,Threat detection; Incident response; Risk assessment,Negotiation; Mentoring; Problem solving,SIEM tools; Burp Suite; Wireshark,English; Urdu; Hindi,masters,Information Security,Sample University (fictional),2011,,,,true,cybersecurity,Scholarship applications; Career planning; First job search,undergraduate_students; school_students,one_on_one,online,English; Urdu,3,weekly,ongoing,true,true,true,false,false,false,false,false,false,true,false,true,true,free,0,,India,Telangana,Hyderabad,,onsite,true,false,Asia/Kolkata,friday; saturday,morning,available,2026-10-03,unknown,,,,,not_offered,,,,,mentorship; career_advice,false,false,test_environment_only,not_applicable,,unverified,none,,2026-10-03,synthetic_generator_v1,,2026-10-03,2026-10-03,SYNTHETIC TEST RECORD – not a real person; must never appear in public search results.
PRO-SAMPLE-0044,sample,sample_only,Sample Professional 0044,Sample 0044,[SAMPLE] Security Manager – SOC operations,Synthetic test profile for application development. Represents a lead security manager in information technology. Not a real person.,,,,,,,,in_platform_request,not_applicable,not_applicable,Sample Community Organisation (fictional),member,Bengaluru,true,true,true,Security Manager,Fictional Information Technology Company D (sample),Information Technology,cybersecurity,SOC operations,lead,17,19,full_time,employed,Fictional Previous Employer N (sample),Security Analyst,,,,Threat detection; Incident response; Risk assessment,Communication; Teamwork; Time management,SIEM tools; Burp Suite; Wireshark,English; Urdu; Hindi,masters,Information Security,Sample University (fictional),2008,,,,true,cybersecurity,Freelancing basics; Higher studies abroad; Starting a business,school_students; fresh_graduates,one_on_one; group,online; in_person,English; Urdu,4,fortnightly,1_month,true,true,true,false,false,false,false,false,false,true,false,true,true,free,0,,India,Karnataka,Bengaluru,,onsite,true,true,Asia/Kolkata,saturday; friday,afternoon,available,2026-10-03,unknown,,,,,not_offered,,,,,mentorship; career_advice,false,false,test_environment_only,not_applicable,,unverified,none,,2026-10-03,synthetic_generator_v1,,2026-10-03,2026-10-03,SYNTHETIC TEST RECORD – not a real person; must never appear in public search results.
PRO-SAMPLE-0045,sample,sample_only,Sample Professional 0045,Sample 0045,[SAMPLE] Security Manager – Application security,Synthetic test profile for application development. Represents a executive security manager in information technology. Not a real person.,,,,,,,,in_platform_request,not_applicable,not_applicable,Sample Community Organisation (fictional),volunteer_mentor,London,true,true,true,Security Manager,Fictional Information Technology Company E (sample),Information Technology,cybersecurity,Application security,executive,23,25,full_time,employed,Fictional Previous Employer O (sample),Security Analyst,,,,Threat detection; Incident response; Risk assessment,Mentoring; Time management; Leadership,SIEM tools; Burp Suite; Wireshark,English,masters,Information Security,Sample University (fictional),2003,,,,true,cybersecurity,Interview preparation; First job search; Freelancing basics,early_career_professionals; women_returning_to_work,one_on_one,online,English,5,fortnightly,1_month,true,true,false,true,false,true,false,false,true,false,false,true,true,free,0,,United Kingdom,England,London,,hybrid,true,false,Europe/London,weekdays; saturday,evening,available,2026-10-03,unknown,,,,,not_offered,,,,,mentorship; career_advice,false,false,test_environment_only,not_applicable,,unverified,none,,2026-10-03,synthetic_generator_v1,,2026-10-03,2026-10-03,SYNTHETIC TEST RECORD – not a real person; must never appear in public search results.
PRO-SAMPLE-0046,sample,sample_only,Sample Professional 0046,Sample 0046,[SAMPLE] Security Analyst – Governance and risk,Synthetic test profile for application development. Represents a entry level security analyst in information technology. Not a real person.,,,,,,,,in_platform_request,not_applicable,not_applicable,Sample Community Organisation (fictional),volunteer_mentor,Pune,true,false,true,Security Analyst,Fictional Information Technology Company F (sample),Information Technology,cybersecurity,Governance and risk,entry_level,1,1,full_time,employed,,,,,,Threat detection; Incident response; Risk assessment,Negotiation; Problem solving; Communication,SIEM tools; Burp Suite; Wireshark,English; Urdu; Hindi,bachelors,Information Security,Sample University (fictional),2024,,,,false,,,,,,English; Urdu,0,,,false,false,false,false,false,false,false,false,false,false,false,true,false,,,,India,Maharashtra,Pune,,onsite,false,false,Asia/Kolkata,saturday; weekdays,evening,not_available,2026-10-03,unknown,,,,,not_offered,,,,,networking,false,false,test_environment_only,not_applicable,,unverified,none,,2026-10-03,synthetic_generator_v1,,2026-10-03,2026-10-03,SYNTHETIC TEST RECORD – not a real person; must never appear in public search results.
PRO-SAMPLE-0047,sample,sample_only,Sample Professional 0047,Sample 0047,[SAMPLE] Senior Security Engineer – SOC operations,Synthetic test profile for application development. Represents a mid level senior security engineer in information technology. Not a real person.,,,,,,,,in_platform_request,not_applicable,not_applicable,Sample Community Organisation (fictional),event_volunteer,Kargil,false,true,true,Senior Security Engineer,Fictional Information Technology Company G (sample),Information Technology,cybersecurity,SOC operations,mid_level,9,11,full_time,employed,Fictional Previous Employer Q (sample),Security Analyst,,,,Threat detection; Incident response; Risk assessment,Time management; Mentoring; Public speaking,SIEM tools; Burp Suite; Wireshark,English; Urdu; Hindi,bachelors,Information Security,Sample University (fictional),2017,,,,true,cybersecurity,Resume and LinkedIn profile; Career planning; Scholarship applications,postgraduate_students; career_changers,one_on_one,online,English; Urdu,4,fortnightly,1_month,true,false,false,false,false,false,false,false,false,false,false,false,true,free,0,,India,Ladakh,Kargil,,onsite,true,false,Asia/Kolkata,weekdays; saturday,morning,available,2026-10-03,unknown,,,,,not_offered,,,,,mentorship; career_advice,false,false,test_environment_only,not_applicable,,unverified,none,,2026-10-03,synthetic_generator_v1,,2026-10-03,2026-10-03,SYNTHETIC TEST RECORD – not a real person; must never appear in public search results.
PRO-SAMPLE-0048,sample,sample_only,Sample Professional 0048,Sample 0048,[SAMPLE] Senior Security Engineer – Application security,Synthetic test profile for application development. Represents a senior senior security engineer in information technology. Not a real person.,,,,,,,,in_platform_request,not_applicable,not_applicable,Sample Community Organisation (fictional),event_volunteer,Kolkata,true,true,true,Senior Security Engineer,Fictional Information Technology Company H (sample),Information Technology,cybersecurity,Application security,senior,13,13,full_time,employed,Fictional Previous Employer R (sample),Security Analyst,,,,Threat detection; Incident response; Risk assessment,Mentoring; Leadership; Negotiation,SIEM tools; Burp Suite; Wireshark,English; Urdu; Hindi,masters,Information Security,Sample University (fictional),2013,,,,true,cybersecurity,Interview preparation; Starting a business; Higher studies abroad,career_changers; women_returning_to_work,one_on_one,online,English; Urdu,5,fortnightly,ongoing,true,true,false,false,false,false,false,false,false,false,false,false,true,free,0,,India,West Bengal,Kolkata,,remote,true,false,Asia/Kolkata,friday; saturday,morning,available,2026-10-03,unknown,,,,,not_offered,,,,,mentorship; career_advice,false,false,test_environment_only,not_applicable,,unverified,none,,2026-10-03,synthetic_generator_v1,,2026-10-03,2026-10-03,SYNTHETIC TEST RECORD – not a real person; must never appear in public search results.
PRO-SAMPLE-0049,sample,sample_only,Sample Professional 0049,Sample 0049,[SAMPLE] Security Manager – Governance and risk,Synthetic test profile for application development. Represents a lead security manager in information technology. Not a real person.,,,,,,,,in_platform_request,not_applicable,not_applicable,Sample Community Organisation (fictional),volunteer_mentor,Srinagar,true,true,true,Security Manager,Fictional Information Technology Company I (sample),Information Technology,cybersecurity,Governance and risk,lead,14,16,full_time,employed,Fictional Previous Employer S (sample),Security Analyst,,,,Threat detection; Incident response; Risk assessment,Public speaking; Mentoring; Leadership,SIEM tools; Burp Suite; Wireshark,English; Urdu; Hindi,masters,Information Security,Sample University (fictional),2011,,,,true,cybersecurity,Skill roadmap; Scholarship applications; Freelancing basics,early_career_professionals; career_changers,one_on_one; group,online; in_person,English; Urdu,3,weekly,6_months,true,true,false,true,false,true,false,true,true,false,false,true,true,free,0,,India,Jammu and Kashmir,Srinagar,,hybrid,false,true,Asia/Kolkata,sunday; weekdays,evening,available,2026-10-03,unknown,,,,,not_offered,,,,,mentorship; career_advice,false,false,test_environment_only,not_applicable,,unverified,none,,2026-10-03,synthetic_generator_v1,,2026-10-03,2026-10-03,SYNTHETIC TEST RECORD – not a real person; must never appear in public search results.
PRO-SAMPLE-0050,sample,sample_only,Sample Professional 0050,Sample 0050,[SAMPLE] Security Manager – SOC operations,Synthetic test profile for application development. Represents a executive security manager in information technology. Not a real person.,,,,,,,,in_platform_request,not_applicable,not_applicable,Sample Community Organisation (fictional),event_volunteer,Toronto,true,true,true,Security Manager,Fictional Information Technology Company J (sample),Information Technology,cybersecurity,SOC operations,executive,22,24,full_time,employed,Fictional Previous Employer T (sample),Security Analyst,,,,Threat detection; Incident response; Risk assessment,Communication; Teamwork; Time management,SIEM tools; Burp Suite; Wireshark,English,masters,Information Security,Sample University (fictional),2004,,,,true,cybersecurity,Switching careers; Scholarship applications; Skill roadmap,school_students; postgraduate_students,one_on_one,online,English,3,monthly,ongoing,true,true,false,true,false,false,false,true,false,false,false,true,true,free,0,,Canada,Ontario,Toronto,,hybrid,true,false,America/Toronto,sunday; weekdays,morning,available,2026-10-03,unknown,,,,,not_offered,,,,,mentorship; career_advice,false,false,test_environment_only,not_applicable,,unverified,none,,2026-10-03,synthetic_generator_v1,,2026-10-03,2026-10-03,SYNTHETIC TEST RECORD – not a real person; must never appear in public search results.
PRO-SAMPLE-0051,sample,sample_only,Sample Professional 0051,Sample 0051,[SAMPLE] IT Support Specialist – Enterprise networking,Synthetic test profile for application development. Represents a entry level it support specialist in information technology. Not a real person.,,,,,,,,in_platform_request,not_applicable,not_applicable,Sample Community Organisation (fictional),event_volunteer,Chennai,true,false,true,IT Support Specialist,Fictional Information Technology Company A (sample),Information Technology,it_support_networking,Enterprise networking,entry_level,3,3,full_time,employed,,,,,,Routing and switching; Windows administration; Troubleshooting,Communication; Problem solving; Time management,Ticketing systems; Active Directory,English; Urdu; Hindi,bachelors,Electronics and Communication,Sample University (fictional),2022,,,,false,,,,,,English; Urdu,0,,,false,false,false,false,false,false,false,false,false,false,false,true,false,,,,India,Tamil Nadu,Chennai,,onsite,false,false,Asia/Kolkata,saturday; sunday,morning,not_available,2026-10-03,unknown,,,,,not_offered,,,,,networking,false,false,test_environment_only,not_applicable,,unverified,none,,2026-10-03,synthetic_generator_v1,,2026-10-03,2026-10-03,SYNTHETIC TEST RECORD – not a real person; must never appear in public search results.
PRO-SAMPLE-0052,sample,sample_only,Sample Professional 0052,Sample 0052,[SAMPLE] Network Engineer – End-user support,Synthetic test profile for application development. Represents a mid level network engineer in information technology. Not a real person.,,,,,,,,in_platform_request,not_applicable,not_applicable,Sample Community Organisation (fictional),volunteer_mentor,Ahmedabad,true,true,true,Network Engineer,Fictional Information Technology Company B (sample),Information Technology,it_support_networking,End-user support,mid_level,8,9,full_time,employed,Fictional Previous Employer L (sample),IT Support Specialist,,,,Routing and switching; Windows administration; Troubleshooting,Public speaking; Time management; Communication,Ticketing systems; Active Directory,English; Urdu; Hindi,bachelors,Electronics and Communication,Sample University (fictional),2017,,,,true,it_support_networking,First job search; Career planning; Scholarship applications,women_returning_to_work; career_changers,one_on_one; group,online,English; Urdu,4,monthly,1_month,true,true,false,true,false,false,false,true,true,true,false,true,true,free,0,,India,Gujarat,Ahmedabad,,onsite,true,false,Asia/Kolkata,weekdays; sunday,morning,available,2026-10-03,unknown,,,,,not_offered,,,,,mentorship; career_advice,false,false,test_environment_only,not_applicable,,unverified,none,,2026-10-03,synthetic_generator_v1,,2026-10-03,2026-10-03,SYNTHETIC TEST RECORD – not a real person; must never appear in public search results.
PRO-SAMPLE-0053,sample,sample_only,Sample Professional 0053,Sample 0053,[SAMPLE] Network Engineer – Systems administration,Synthetic test profile for application development. Represents a senior network engineer in information technology. Not a real person.,,,,,,,,in_platform_request,not_applicable,not_applicable,Sample Community Organisation (fictional),member,Pune,true,true,false,Network Engineer,Fictional Information Technology Company C (sample),Information Technology,it_support_networking,Systems administration,senior,15,17,full_time,employed,Fictional Previous Employer M (sample),IT Support Specialist,,,,Routing and switching; Windows administration; Troubleshooting,Teamwork; Mentoring; Leadership,Ticketing systems; Active Directory,English; Urdu; Hindi,masters,Electronics and Communication,Sample University (fictional),2011,,,,true,it_support_networking,Scholarship applications; Starting a business; Skill roadmap,undergraduate_students; women_returning_to_work,one_on_one; group,online; in_person,English; Urdu,4,fortnightly,1_month,true,true,true,false,false,true,false,true,false,false,false,true,true,free,0,,India,Maharashtra,Pune,,remote,true,true,Asia/Kolkata,saturday; friday,evening,available,2026-10-03,unknown,,,,,not_offered,,,,,mentorship; career_advice,false,false,test_environment_only,not_applicable,,unverified,none,,2026-10-03,synthetic_generator_v1,,2026-10-03,2026-10-03,SYNTHETIC TEST RECORD – not a real person; must never appear in public search results.
PRO-SAMPLE-0054,sample,sample_only,Sample Professional 0054,Sample 0054,[SAMPLE] IT Infrastructure Manager – Enterprise networking,Synthetic test profile for application development. Represents a lead it infrastructure manager in information technology. Not a real person.,,,,,,,,in_platform_request,not_applicable,not_applicable,Sample Community Organisation (fictional),member,Pune,false,true,true,IT Infrastructure Manager,Fictional Information Technology Company D (sample),Information Technology,it_support_networking,Enterprise networking,lead,12,13,full_time,employed,Fictional Previous Employer N (sample),IT Support Specialist,,,,Routing and switching; Windows administration; Troubleshooting,Mentoring; Public speaking; Teamwork,Ticketing systems; Active Directory,English; Urdu; Hindi,masters,Electronics and Communication,Sample University (fictional),2014,,,,true,it_support_networking,Career planning; Switching careers; Starting a business,fresh_graduates; undergraduate_students,one_on_one; group,online; in_person,English; Urdu,4,fortnightly,ongoing,true,true,true,true,false,false,false,true,false,true,false,true,true,free,0,,India,Maharashtra,Pune,,remote,true,true,Asia/Kolkata,saturday; friday,evening,available,2026-10-03,unknown,,,,,not_offered,,,,,mentorship; career_advice,false,false,test_environment_only,not_applicable,,unverified,none,,2026-10-03,synthetic_generator_v1,,2026-10-03,2026-10-03,SYNTHETIC TEST RECORD – not a real person; must never appear in public search results.
PRO-SAMPLE-0055,sample,sample_only,Sample Professional 0055,Sample 0055,[SAMPLE] IT Infrastructure Manager – End-user support,Synthetic test profile for application development. Represents a executive it infrastructure manager in information technology. Not a real person.,,,,,,,,in_platform_request,not_applicable,not_applicable,Sample Community Organisation (fictional),member,Dubai,true,true,true,IT Infrastructure Manager,Fictional Information Technology Company E (sample),Information Technology,it_support_networking,End-user support,executive,21,22,full_time,employed,Fictional Previous Employer O (sample),IT Support Specialist,,,,Routing and switching; Windows administration; Troubleshooting,Communication; Mentoring; Public speaking,Ticketing systems; Active Directory,English; Arabic,masters,Electronics and Communication,Sample University (fictional),2005,,,,true,it_support_networking,Career planning; Freelancing basics; Higher studies abroad,early_career_professionals; women_returning_to_work,one_on_one; group,online; in_person,English,1,monthly,3_months,true,true,true,true,false,true,false,false,true,false,false,true,true,free,0,,United Arab Emirates,Dubai,Dubai,,onsite,false,true,Asia/Dubai,weekdays; sunday,evening,available,2026-10-03,unknown,,,,,not_offered,,,,,mentorship; career_advice,false,false,test_environment_only,not_applicable,,unverified,none,,2026-10-03,synthetic_generator_v1,,2026-10-03,2026-10-03,SYNTHETIC TEST RECORD – not a real person; must never appear in public search results.
PRO-SAMPLE-0056,sample,sample_only,Sample Professional 0056,Sample 0056,[SAMPLE] IT Support Specialist – Systems administration,Synthetic test profile for application development. Represents a entry level it support specialist in information technology. Not a real person.,,,,,,,,in_platform_request,not_applicable,not_applicable,Sample Community Organisation (fictional),event_volunteer,Chennai,false,false,true,IT Support Specialist,Fictional Information Technology Company F (sample),Information Technology,it_support_networking,Systems administration,entry_level,2,2,full_time,employed,,,,,,Routing and switching; Windows administration; Troubleshooting,Leadership; Time management; Mentoring,Ticketing systems; Active Directory,English; Urdu; Hindi,bachelors,Electronics and Communication,Sample University (fictional),2024,,,,false,,,,,,English; Urdu,0,,,false,false,false,false,false,false,false,false,false,false,false,true,false,,,,India,Tamil Nadu,Chennai,,remote,false,false,Asia/Kolkata,friday; saturday,evening,not_available,2026-10-03,unknown,,,,,not_offered,,,,,networking,false,false,test_environment_only,not_applicable,,unverified,none,,2026-10-03,synthetic_generator_v1,,2026-10-03,2026-10-03,SYNTHETIC TEST RECORD – not a real person; must never appear in public search results.
PRO-SAMPLE-0057,sample,sample_only,Sample Professional 0057,Sample 0057,[SAMPLE] Network Engineer – Enterprise networking,Synthetic test profile for application development. Represents a mid level network engineer in information technology. Not a real person.,,,,,,,,in_platform_request,not_applicable,not_applicable,Sample Community Organisation (fictional),event_volunteer,Patna,true,true,true,Network Engineer,Fictional Information Technology Company G (sample),Information Technology,it_support_networking,Enterprise networking,mid_level,8,8,full_time,employed,Fictional Previous Employer Q (sample),IT Support Specialist,,,,Routing and switching; Windows administration; Troubleshooting,Communication; Public speaking; Problem solving,Ticketing systems; Active Directory,English; Urdu; Hindi,bachelors,Electronics and Communication,Sample University (fictional),2018,,,,true,it_support_networking,Skill roadmap; Resume and LinkedIn profile; Freelancing basics,women_returning_to_work; fresh_graduates,one_on_one,online,English; Urdu,4,monthly,1_month,true,false,false,true,false,false,false,false,false,false,false,true,true,free,0,,India,Bihar,Patna,,onsite,true,false,Asia/Kolkata,saturday; weekdays,morning,available,2026-10-03,unknown,,,,,not_offered,,,,,mentorship; career_advice,false,false,test_environment_only,not_applicable,,unverified,none,,2026-10-03,synthetic_generator_v1,,2026-10-03,2026-10-03,SYNTHETIC TEST RECORD – not a real person; must never appear in public search results.
PRO-SAMPLE-0058,sample,sample_only,Sample Professional 0058,Sample 0058,[SAMPLE] Network Engineer – End-user support,Synthetic test profile for application development. Represents a senior network engineer in information technology. Not a real person.,,,,,,,,in_platform_request,not_applicable,not_applicable,Sample Community Organisation (fictional),volunteer_mentor,London,true,true,true,Network Engineer,Fictional Information Technology Company H (sample),Information Technology,it_support_networking,End-user support,senior,15,15,full_time,employed,Fictional Previous Employer R (sample),IT Support Specialist,,,,Routing and switching; Windows administration; Troubleshooting,Problem solving; Mentoring; Communication,Ticketing systems; Active Directory,English,masters,Electronics and Communication,Sample University (fictional),2010,,,,true,it_support_networking,Career planning; First job search; Interview preparation,school_students; early_career_professionals,one_on_one,online; in_person,English,5,weekly,1_month,true,true,false,true,false,true,false,false,false,true,false,false,true,free,0,,United Kingdom,England,London,,remote,false,true,Europe/London,friday; weekdays,afternoon,available,2026-10-03,unknown,,,,,not_offered,,,,,mentorship; career_advice,false,false,test_environment_only,not_applicable,,unverified,none,,2026-10-03,synthetic_generator_v1,,2026-10-03,2026-10-03,SYNTHETIC TEST RECORD – not a real person; must never appear in public search results.
PRO-SAMPLE-0059,sample,sample_only,Sample Professional 0059,Sample 0059,[SAMPLE] IT Infrastructure Manager – Systems administration,Synthetic test profile for application development. Represents a lead it infrastructure manager in information technology. Not a real person.,,,,,,,,in_platform_request,not_applicable,not_applicable,Sample Community Organisation (fictional),volunteer_mentor,Dubai,false,true,false,IT Infrastructure Manager,Fictional Information Technology Company I (sample),Information Technology,it_support_networking,Systems administration,lead,13,14,full_time,employed,Fictional Previous Employer S (sample),IT Support Specialist,,,,Routing and switching; Windows administration; Troubleshooting,Public speaking; Leadership; Problem solving,Ticketing systems; Active Directory,English; Arabic,masters,Electronics and Communication,Sample University (fictional),2013,,,,true,it_support_networking,Higher studies abroad; Switching careers; Starting a business,women_returning_to_work; undergraduate_students,one_on_one; group,online,English,1,monthly,6_months,true,false,true,true,false,true,false,false,false,true,false,true,true,free,0,,United Arab Emirates,Dubai,Dubai,,remote,true,false,Asia/Dubai,saturday; weekdays,evening,available,2026-10-03,unknown,,,,,not_offered,,,,,mentorship; career_advice,false,false,test_environment_only,not_applicable,,unverified,none,,2026-10-03,synthetic_generator_v1,,2026-10-03,2026-10-03,SYNTHETIC TEST RECORD – not a real person; must never appear in public search results.
PRO-SAMPLE-0060,sample,sample_only,Sample Professional 0060,Sample 0060,[SAMPLE] IT Infrastructure Manager – Enterprise networking,Synthetic test profile for application development. Represents a executive it infrastructure manager in information technology. Not a real person.,,,,,,,,in_platform_request,not_applicable,not_applicable,Sample Community Organisation (fictional),member,Dubai,true,true,true,IT Infrastructure Manager,Fictional Information Technology Company J (sample),Information Technology,it_support_networking,Enterprise networking,executive,20,21,full_time,employed,Fictional Previous Employer T (sample),IT Support Specialist,,,,Routing and switching; Windows administration; Troubleshooting,Teamwork; Leadership; Time management,Ticketing systems; Active Directory,English; Arabic,masters,Electronics and Communication,Sample University (fictional),2005,,,,true,it_support_networking,Scholarship applications; Higher studies abroad; Freelancing basics,women_returning_to_work; career_changers,one_on_one; group,online; in_person,English,1,fortnightly,6_months,true,true,true,true,false,true,false,true,false,true,false,true,true,free,0,,United Arab Emirates,Dubai,Dubai,,onsite,true,true,Asia/Dubai,weekdays; sunday,evening,available,2026-10-03,unknown,,,,,not_offered,,,,,mentorship; career_advice,false,false,test_environment_only,not_applicable,,unverified,none,,2026-10-03,synthetic_generator_v1,,2026-10-03,2026-10-03,SYNTHETIC TEST RECORD – not a real person; must never appear in public search results.
PRO-SAMPLE-0061,sample,sample_only,Sample Professional 0061,Sample 0061,[SAMPLE] Associate Product Manager – B2B SaaS,Synthetic test profile for application development. Represents a entry level associate product manager in information technology. Not a real person.,,,,,,,,in_platform_request,not_applicable,not_applicable,Sample Community Organisation (fictional),event_volunteer,Mumbai,true,false,true,Associate Product Manager,Fictional Information Technology Company A (sample),Information Technology,product_management,B2B SaaS,entry_level,3,3,full_time,employed,,,,,,Product discovery; Roadmapping; Metrics,Problem solving; Leadership; Mentoring,Jira; Figma; Amplitude,English; Urdu; Hindi,bachelors,Business Administration,Sample University (fictional),2022,,,,false,,,,,,English; Urdu,0,,,false,false,false,false,false,false,false,false,false,false,false,true,false,,,,India,Maharashtra,Mumbai,,onsite,false,false,Asia/Kolkata,weekdays; friday,morning,not_available,2026-10-03,unknown,,,,,not_offered,,,,,networking,false,false,test_environment_only,not_applicable,,unverified,none,,2026-10-03,synthetic_generator_v1,,2026-10-03,2026-10-03,SYNTHETIC TEST RECORD – not a real person; must never appear in public search results.
PRO-SAMPLE-0062,sample,sample_only,Sample Professional 0062,Sample 0062,[SAMPLE] Product Manager – Consumer apps,Synthetic test profile for application development. Represents a mid level product manager in information technology. Not a real person.,,,,,,,,in_platform_request,not_applicable,not_applicable,Sample Community Organisation (fictional),member,London,false,true,false,Product Manager,Fictional Information Technology Company B (sample),Information Technology,product_management,Consumer apps,mid_level,5,5,full_time,employed,Fictional Previous Employer L (sample),Associate Product Manager,,,,Product discovery; Roadmapping; Metrics,Teamwork; Leadership; Time management,Jira; Figma; Amplitude,English,bachelors,Business Administration,Sample University (fictional),2021,,,,true,product_management,Switching careers; Career planning; Higher studies abroad,fresh_graduates; postgraduate_students,one_on_one,online,English,3,monthly,1_month,true,true,true,true,false,false,false,true,false,false,false,true,true,free,0,,United Kingdom,England,London,,hybrid,false,false,Europe/London,friday; weekdays,afternoon,available,2026-10-03,unknown,,,,,not_offered,,,,,mentorship; career_advice,false,false,test_environment_only,not_applicable,,unverified,none,,2026-10-03,synthetic_generator_v1,,2026-10-03,2026-10-03,SYNTHETIC TEST RECORD – not a real person; must never appear in public search results.
PRO-SAMPLE-0063,sample,sample_only,Sample Professional 0063,Sample 0063,[SAMPLE] Product Manager – Platform products,Synthetic test profile for application development. Represents a senior product manager in information technology. Not a real person.,,,,,,,,in_platform_request,not_applicable,not_applicable,Sample Community Organisation (fictional),event_volunteer,Pune,true,true,true,Product Manager,Fictional Information Technology Company C (sample),Information Technology,product_management,Platform products,senior,12,12,full_time,employed,Fictional Previous Employer M (sample),Associate Product Manager,,,,Product discovery; Roadmapping; Metrics,Negotiation; Mentoring; Leadership,Jira; Figma; Amplitude,English; Urdu; Hindi,masters,Business Administration,Sample University (fictional),2014,,,,true,product_management,Career planning; Skill roadmap; Interview preparation,career_changers; early_career_professionals,one_on_one; group,online,English; Urdu,4,fortnightly,1_month,true,true,true,false,false,false,false,false,false,false,false,true,true,free,0,,India,Maharashtra,Pune,,hybrid,true,false,Asia/Kolkata,sunday; weekdays,morning,available,2026-10-03,unknown,,,,,not_offered,,,,,mentorship; career_advice,false,false,test_environment_only,not_applicable,,unverified,none,,2026-10-03,synthetic_generator_v1,,2026-10-03,2026-10-03,SYNTHETIC TEST RECORD – not a real person; must never appear in public search results.
PRO-SAMPLE-0064,sample,sample_only,Sample Professional 0064,Sample 0064,[SAMPLE] Director of Product – B2B SaaS,Synthetic test profile for application development. Represents a lead director of product in information technology. Not a real person.,,,,,,,,in_platform_request,not_applicable,not_applicable,Sample Community Organisation (fictional),member,Chennai,false,true,true,Director of Product,Fictional Information Technology Company D (sample),Information Technology,product_management,B2B SaaS,lead,14,15,full_time,employed,Fictional Previous Employer N (sample),Associate Product Manager,,,,Product discovery; Roadmapping; Metrics,Teamwork; Leadership; Communication,Jira; Figma; Amplitude,English; Urdu; Hindi,masters,Business Administration,Sample University (fictional),2012,,,,true,product_management,Switching careers; Starting a business; Freelancing basics,school_students; women_returning_to_work,one_on_one,online,English; Urdu,3,monthly,ongoing,true,true,true,false,false,false,false,false,false,false,false,true,true,free,0,,India,Tamil Nadu,Chennai,,hybrid,true,false,Asia/Kolkata,saturday; sunday,morning,available,2026-10-03,unknown,,,,,not_offered,,,,,mentorship; career_advice,false,false,test_environment_only,not_applicable,,unverified,none,,2026-10-03,synthetic_generator_v1,,2026-10-03,2026-10-03,SYNTHETIC TEST RECORD – not a real person; must never appear in public search results.
PRO-SAMPLE-0065,sample,sample_only,Sample Professional 0065,Sample 0065,[SAMPLE] Director of Product – Consumer apps,Synthetic test profile for application development. Represents a executive director of product in information technology. Not a real person.,,,,,,,,in_platform_request,not_applicable,not_applicable,Sample Community Organisation (fictional),member,Srinagar,true,true,true,Director of Product,Fictional Information Technology Company E (sample),Information Technology,product_management,Consumer apps,executive,18,20,full_time,employed,Fictional Previous Employer O (sample),Associate Product Manager,,,,Product discovery; Roadmapping; Metrics,Teamwork; Negotiation; Mentoring,Jira; Figma; Amplitude,English; Urdu; Hindi,masters,Business Administration,Sample University (fictional),2008,,,,true,product_management,Switching careers; Interview preparation; Scholarship applications,school_students; postgraduate_students,one_on_one; group,online,English; Urdu,3,fortnightly,ongoing,true,true,false,false,false,false,false,false,false,true,false,true,true,free,0,,India,Jammu and Kashmir,Srinagar,,hybrid,true,false,Asia/Kolkata,sunday; weekdays,afternoon,available,2026-10-03,unknown,,,,,not_offered,,,,,mentorship; career_advice,false,false,test_environment_only,not_applicable,,unverified,none,,2026-10-03,synthetic_generator_v1,,2026-10-03,2026-10-03,SYNTHETIC TEST RECORD – not a real person; must never appear in public search results.
PRO-SAMPLE-0066,sample,sample_only,Sample Professional 0066,Sample 0066,[SAMPLE] Associate Product Manager – Platform products,Synthetic test profile for application development. Represents a entry level associate product manager in information technology. Not a real person.,,,,,,,,in_platform_request,not_applicable,not_applicable,Sample Community Organisation (fictional),volunteer_mentor,Srinagar,true,false,false,Associate Product Manager,Fictional Information Technology Company F (sample),Information Technology,product_management,Platform products,entry_level,2,2,full_time,employed,,,,,,Product discovery; Roadmapping; Metrics,Negotiation; Public speaking; Problem solving,Jira; Figma; Amplitude,English; Urdu; Hindi,bachelors,Business Administration,Sample University (fictional),2024,,,,false,,,,,,English; Urdu,0,,,false,false,false,false,false,false,false,false,false,false,false,true,false,,,,India,Jammu and Kashmir,Srinagar,,hybrid,false,false,Asia/Kolkata,saturday; friday,afternoon,not_available,2026-10-03,unknown,,,,,not_offered,,,,,networking,false,false,test_environment_only,not_applicable,,unverified,none,,2026-10-03,synthetic_generator_v1,,2026-10-03,2026-10-03,SYNTHETIC TEST RECORD – not a real person; must never appear in public search results.
PRO-SAMPLE-0067,sample,sample_only,Sample Professional 0067,Sample 0067,[SAMPLE] Product Manager – B2B SaaS,Synthetic test profile for application development. Represents a mid level product manager in information technology. Not a real person.,,,,,,,,in_platform_request,not_applicable,not_applicable,Sample Community Organisation (fictional),event_volunteer,Srinagar,false,true,true,Product Manager,Fictional Information Technology Company G (sample),Information Technology,product_management,B2B SaaS,mid_level,9,11,full_time,employed,Fictional Previous Employer Q (sample),Associate Product Manager,,,,Product discovery; Roadmapping; Metrics,Problem solving; Time management; Mentoring,Jira; Figma; Amplitude,English; Urdu; Hindi,bachelors,Business Administration,Sample University (fictional),2016,,,,true,product_management,Freelancing basics; Higher studies abroad; Skill roadmap,early_career_professionals; undergraduate_students,one_on_one,online; in_person,English; Urdu,2,weekly,ongoing,true,false,true,true,false,true,false,true,true,false,false,true,true,free,0,,India,Jammu and Kashmir,Srinagar,,hybrid,true,true,Asia/Kolkata,friday; sunday,evening,available,2026-10-03,unknown,,,,,not_offered,,,,,mentorship; career_advice,false,false,test_environment_only,not_applicable,,unverified,none,,2026-10-03,synthetic_generator_v1,,2026-10-03,2026-10-03,SYNTHETIC TEST RECORD – not a real person; must never appear in public search results.
PRO-SAMPLE-0068,sample,sample_only,Sample Professional 0068,Sample 0068,[SAMPLE] Product Manager – Consumer apps,Synthetic test profile for application development. Represents a senior product manager in information technology. Not a real person.,,,,,,,,in_platform_request,not_applicable,not_applicable,Sample Community Organisation (fictional),member,Kolkata,true,true,true,Product Manager,Fictional Information Technology Company H (sample),Information Technology,product_management,Consumer apps,senior,11,11,full_time,employed,Fictional Previous Employer R (sample),Associate Product Manager,,,,Product discovery; Roadmapping; Metrics,Leadership; Public speaking; Problem solving,Jira; Figma; Amplitude,English; Urdu; Hindi,masters,Business Administration,Sample University (fictional),2014,,,,true,product_management,Starting a business; First job search; Career planning,school_students; undergraduate_students,one_on_one,online; in_person,English; Urdu,1,weekly,1_month,true,true,true,false,false,true,false,false,false,false,false,true,true,free,0,,India,West Bengal,Kolkata,,hybrid,true,true,Asia/Kolkata,sunday; saturday,afternoon,available,2026-10-03,unknown,,,,,not_offered,,,,,mentorship; career_advice,false,false,test_environment_only,not_applicable,,unverified,none,,2026-10-03,synthetic_generator_v1,,2026-10-03,2026-10-03,SYNTHETIC TEST RECORD – not a real person; must never appear in public search results.
PRO-SAMPLE-0069,sample,sample_only,Sample Professional 0069,Sample 0069,[SAMPLE] Director of Product – Platform products,Synthetic test profile for application development. Represents a lead director of product in information technology. Not a real person.,,,,,,,,in_platform_request,not_applicable,not_applicable,Sample Community Organisation (fictional),volunteer_mentor,Bengaluru,true,true,true,Director of Product,Fictional Information Technology Company I (sample),Information Technology,product_management,Platform products,lead,13,15,full_time,employed,Fictional Previous Employer S (sample),Associate Product Manager,,,,Product discovery; Roadmapping; Metrics,Public speaking; Time management; Problem solving,Jira; Figma; Amplitude,English; Urdu; Hindi,masters,Business Administration,Sample University (fictional),2012,,,,true,product_management,Scholarship applications; Freelancing basics; Higher studies abroad,school_students; fresh_graduates,one_on_one; group,online; in_person,English; Urdu,5,weekly,1_month,true,true,false,true,false,true,false,true,false,false,false,true,true,free,0,,India,Karnataka,Bengaluru,,hybrid,true,true,Asia/Kolkata,sunday; friday,evening,available,2026-10-03,unknown,,,,,not_offered,,,,,mentorship; career_advice,false,false,test_environment_only,not_applicable,,unverified,none,,2026-10-03,synthetic_generator_v1,,2026-10-03,2026-10-03,SYNTHETIC TEST RECORD – not a real person; must never appear in public search results.
PRO-SAMPLE-0070,sample,sample_only,Sample Professional 0070,Sample 0070,[SAMPLE] Director of Product – B2B SaaS,Synthetic test profile for application development. Represents a executive director of product in information technology. Not a real person.,,,,,,,,in_platform_request,not_applicable,not_applicable,Sample Community Organisation (fictional),volunteer_mentor,Kolkata,true,true,true,Director of Product,Fictional Information Technology Company J (sample),Information Technology,product_management,B2B SaaS,executive,20,22,full_time,employed,Fictional Previous Employer T (sample),Associate Product Manager,,,,Product discovery; Roadmapping; Metrics,Communication; Time management; Problem solving,Jira; Figma; Amplitude,English; Urdu; Hindi,masters,Business Administration,Sample University (fictional),2005,,,,true,product_management,Resume and LinkedIn profile; Higher studies abroad; Scholarship applications,early_career_professionals; undergraduate_students,one_on_one; group,online,English; Urdu,5,monthly,ongoing,true,true,false,false,false,false,false,true,false,true,false,true,true,free,0,,India,West Bengal,Kolkata,,onsite,true,false,Asia/Kolkata,saturday; friday,morning,available,2026-10-03,unknown,,,,,not_offered,,,,,mentorship; career_advice,false,false,test_environment_only,not_applicable,,unverified,none,,2026-10-03,synthetic_generator_v1,,2026-10-03,2026-10-03,SYNTHETIC TEST RECORD – not a real person; must never appear in public search results.
PRO-SAMPLE-0071,sample,sample_only,Sample Professional 0071,Sample 0071,[SAMPLE] Business Analyst – Process improvement,Synthetic test profile for application development. Represents a entry level business analyst in consulting. Not a real person.,,,,,,,,in_platform_request,not_applicable,not_applicable,Sample Community Organisation (fictional),volunteer_mentor,Patna,true,true,false,Business Analyst,Fictional Consulting Company A (sample),Consulting,business_analysis,Process improvement,entry_level,1,1,full_time,employed,,,,,,Requirements gathering; Process mapping; SQL,Mentoring; Leadership; Time management,Visio; Jira; Excel,English; Urdu; Hindi,bachelors,Business Administration,Sample University (fictional),2025,,,,true,business_analysis,Resume and LinkedIn profile; First job search; Interview preparation,undergraduate_students; career_changers,one_on_one,online,English; Urdu,4,fortnightly,ongoing,true,false,true,true,false,false,false,false,false,true,false,true,true,free,0,,India,Bihar,Patna,,remote,false,false,Asia/Kolkata,sunday; friday,afternoon,available,2026-10-03,unknown,,,,,not_offered,,,,,mentorship; career_advice,false,false,test_environment_only,not_applicable,,unverified,none,,2026-10-03,synthetic_generator_v1,,2026-10-03,2026-10-03,SYNTHETIC TEST RECORD – not a real person; must never appear in public search results.
PRO-SAMPLE-0072,sample,sample_only,Sample Professional 0072,Sample 0072,[SAMPLE] Senior Business Analyst – Requirements engineering,Synthetic test profile for application development. Represents a mid level senior business analyst in consulting. Not a real person.,,,,,,,,in_platform_request,not_applicable,not_applicable,Sample Community Organisation (fictional),event_volunteer,Patna,true,true,true,Senior Business Analyst,Fictional Consulting Company B (sample),Consulting,business_analysis,Requirements engineering,mid_level,5,5,full_time,employed,Fictional Previous Employer L (sample),Business Analyst,,,,Requirements gathering; Process mapping; SQL,Public speaking; Leadership; Mentoring,Visio; Jira; Excel,English; Urdu; Hindi,bachelors,Business Administration,Sample University (fictional),2021,,,,true,business_analysis,First job search; Skill roadmap; Interview preparation,school_students; career_changers,one_on_one; group,online; in_person,English; Urdu,5,fortnightly,3_months,true,true,false,false,false,false,false,true,false,false,false,true,true,free,0,,India,Bihar,Patna,,remote,true,true,Asia/Kolkata,friday; sunday,morning,available,2026-10-03,unknown,,,,,not_offered,,,,,mentorship; career_advice,false,false,test_environment_only,not_applicable,,unverified,none,,2026-10-03,synthetic_generator_v1,,2026-10-03,2026-10-03,SYNTHETIC TEST RECORD – not a real person; must never appear in public search results.
PRO-SAMPLE-0073,sample,sample_only,Sample Professional 0073,Sample 0073,[SAMPLE] Senior Business Analyst – ERP implementations,Synthetic test profile for application development. Represents a senior senior business analyst in consulting. Not a real person.,,,,,,,,in_platform_request,not_applicable,not_applicable,Sample Community Organisation (fictional),event_volunteer,Kolkata,true,true,false,Senior Business Analyst,Fictional Consulting Company C (sample),Consulting,business_analysis,ERP implementations,senior,15,16,full_time,employed,Fictional Previous Employer M (sample),Business Analyst,,,,Requirements gathering; Process mapping; SQL,Negotiation; Problem solving; Time management,Visio; Jira; Excel,English; Urdu; Hindi,masters,Business Administration,Sample University (fictional),2011,,,,true,business_analysis,Starting a business; Resume and LinkedIn profile; Switching careers,undergraduate_students; school_students,one_on_one; group,online,English; Urdu,1,fortnightly,3_months,true,true,true,false,false,true,false,false,false,false,false,true,true,free,0,,India,West Bengal,Kolkata,,hybrid,true,false,Asia/Kolkata,sunday; friday,evening,available,2026-10-03,unknown,,,,,not_offered,,,,,mentorship; career_advice,false,false,test_environment_only,not_applicable,,unverified,none,,2026-10-03,synthetic_generator_v1,,2026-10-03,2026-10-03,SYNTHETIC TEST RECORD – not a real person; must never appear in public search results.
PRO-SAMPLE-0074,sample,sample_only,Sample Professional 0074,Sample 0074,[SAMPLE] Lead Business Analyst – Process improvement,Synthetic test profile for application development. Represents a lead lead business analyst in consulting. Not a real person.,,,,,,,,in_platform_request,not_applicable,not_applicable,Sample Community Organisation (fictional),member,New Delhi,true,true,true,Lead Business Analyst,Fictional Consulting Company D (sample),Consulting,business_analysis,Process improvement,lead,16,17,full_time,employed,Fictional Previous Employer N (sample),Business Analyst,,,,Requirements gathering; Process mapping; SQL,Problem solving; Communication; Leadership,Visio; Jira; Excel,English; Urdu; Hindi,masters,Business Administration,Sample University (fictional),2010,,,,true,business_analysis,Switching careers; Freelancing basics; Starting a business,early_career_professionals; career_changers,one_on_one,online,English; Urdu,4,fortnightly,6_months,true,true,false,false,false,true,false,false,false,false,false,true,true,free,0,,India,Delhi,New Delhi,,remote,true,false,Asia/Kolkata,saturday; weekdays,afternoon,available,2026-10-03,unknown,,,,,not_offered,,,,,mentorship; career_advice,false,false,test_environment_only,not_applicable,,unverified,none,,2026-10-03,synthetic_generator_v1,,2026-10-03,2026-10-03,SYNTHETIC TEST RECORD – not a real person; must never appear in public search results.
PRO-SAMPLE-0075,sample,sample_only,Sample Professional 0075,Sample 0075,[SAMPLE] Lead Business Analyst – Requirements engineering,Synthetic test profile for application development. Represents a executive lead business analyst in consulting. Not a real person.,,,,,,,,in_platform_request,not_applicable,not_applicable,Sample Community Organisation (fictional),event_volunteer,Mumbai,false,true,true,Lead Business Analyst,Fictional Consulting Company E (sample),Consulting,business_analysis,Requirements engineering,executive,24,26,full_time,employed,Fictional Previous Employer O (sample),Business Analyst,,,,Requirements gathering; Process mapping; SQL,Leadership; Public speaking; Communication,Visio; Jira; Excel,English; Urdu; Hindi,masters,Business Administration,Sample University (fictional),2001,,,,true,business_analysis,Scholarship applications; Starting a business; Career planning,school_students; fresh_graduates,one_on_one; group,online,English; Urdu,4,weekly,3_months,true,true,false,true,false,true,false,true,true,true,false,true,true,free,0,,India,Maharashtra,Mumbai,,remote,true,false,Asia/Kolkata,sunday; friday,afternoon,available,2026-10-03,unknown,,,,,not_offered,,,,,mentorship; career_advice,false,false,test_environment_only,not_applicable,,unverified,none,,2026-10-03,synthetic_generator_v1,,2026-10-03,2026-10-03,SYNTHETIC TEST RECORD – not a real person; must never appear in public search results.
PRO-SAMPLE-0076,sample,sample_only,Sample Professional 0076,Sample 0076,[SAMPLE] Business Analyst – ERP implementations,Synthetic test profile for application development. Represents a entry level business analyst in consulting. Not a real person.,,,,,,,,in_platform_request,not_applicable,not_applicable,Sample Community Organisation (fictional),member,Dubai,true,true,false,Business Analyst,Fictional Consulting Company F (sample),Consulting,business_analysis,ERP implementations,entry_level,3,3,full_time,employed,,,,,,Requirements gathering; Process mapping; SQL,Public speaking; Time management; Leadership,Visio; Jira; Excel,English; Arabic,bachelors,Business Administration,Sample University (fictional),2022,,,,true,business_analysis,Starting a business; Scholarship applications; Resume and LinkedIn profile,fresh_graduates; women_returning_to_work,one_on_one,online; in_person,English,2,monthly,6_months,true,true,false,false,false,true,false,true,false,false,false,true,true,free,0,,United Arab Emirates,Dubai,Dubai,,hybrid,true,true,Asia/Dubai,saturday; sunday,afternoon,available,2026-10-03,unknown,,,,,not_offered,,,,,mentorship; career_advice,false,false,test_environment_only,not_applicable,,unverified,none,,2026-10-03,synthetic_generator_v1,,2026-10-03,2026-10-03,SYNTHETIC TEST RECORD – not a real person; must never appear in public search results.
PRO-SAMPLE-0077,sample,sample_only,Sample Professional 0077,Sample 0077,[SAMPLE] Senior Business Analyst – Process improvement,Synthetic test profile for application development. Represents a mid level senior business analyst in consulting. Not a real person.,,,,,,,,in_platform_request,not_applicable,not_applicable,Sample Community Organisation (fictional),event_volunteer,Hyderabad,true,true,false,Senior Business Analyst,Fictional Consulting Company G (sample),Consulting,business_analysis,Process improvement,mid_level,7,9,full_time,employed,Fictional Previous Employer Q (sample),Business Analyst,,,,Requirements gathering; Process mapping; SQL,Communication; Teamwork; Negotiation,Visio; Jira; Excel,English; Urdu; Hindi,bachelors,Business Administration,Sample University (fictional),2019,,,,true,business_analysis,Switching careers; First job search; Freelancing basics,fresh_graduates; undergraduate_students,one_on_one,online; in_person,English; Urdu,1,fortnightly,3_months,true,true,true,true,false,true,false,false,true,true,false,true,true,free,0,,India,Telangana,Hyderabad,,hybrid,true,true,Asia/Kolkata,weekdays; saturday,afternoon,available,2026-10-03,unknown,,,,,not_offered,,,,,mentorship; career_advice,false,false,test_environment_only,not_applicable,,unverified,none,,2026-10-03,synthetic_generator_v1,,2026-10-03,2026-10-03,SYNTHETIC TEST RECORD – not a real person; must never appear in public search results.
PRO-SAMPLE-0078,sample,sample_only,Sample Professional 0078,Sample 0078,[SAMPLE] Senior Business Analyst – Requirements engineering,Synthetic test profile for application development. Represents a senior senior business analyst in consulting. Not a real person.,,,,,,,,in_platform_request,not_applicable,not_applicable,Sample Community Organisation (fictional),event_volunteer,Patna,true,true,false,Senior Business Analyst,Fictional Consulting Company H (sample),Consulting,business_analysis,Requirements engineering,senior,10,10,full_time,employed,Fictional Previous Employer R (sample),Business Analyst,,,,Requirements gathering; Process mapping; SQL,Leadership; Teamwork; Time management,Visio; Jira; Excel,English; Urdu; Hindi,masters,Business Administration,Sample University (fictional),2016,,,,true,business_analysis,Freelancing basics; Higher studies abroad; Interview preparation,women_returning_to_work; career_changers,one_on_one; group,online,English; Urdu,5,weekly,3_months,true,true,false,false,false,false,false,true,false,false,false,true,true,free,0,,India,Bihar,Patna,,hybrid,true,false,Asia/Kolkata,friday; sunday,afternoon,available,2026-10-03,unknown,,,,,not_offered,,,,,mentorship; career_advice,false,false,test_environment_only,not_applicable,,unverified,none,,2026-10-03,synthetic_generator_v1,,2026-10-03,2026-10-03,SYNTHETIC TEST RECORD – not a real person; must never appear in public search results.
PRO-SAMPLE-0079,sample,sample_only,Sample Professional 0079,Sample 0079,[SAMPLE] Lead Business Analyst – ERP implementations,Synthetic test profile for application development. Represents a lead lead business analyst in consulting. Not a real person.,,,,,,,,in_platform_request,not_applicable,not_applicable,Sample Community Organisation (fictional),member,Srinagar,true,true,true,Lead Business Analyst,Fictional Consulting Company I (sample),Consulting,business_analysis,ERP implementations,lead,14,15,full_time,employed,Fictional Previous Employer S (sample),Business Analyst,,,,Requirements gathering; Process mapping; SQL,Problem solving; Time management; Teamwork,Visio; Jira; Excel,English; Urdu; Hindi,masters,Business Administration,Sample University (fictional),2012,,,,true,business_analysis,Career planning; Skill roadmap; Resume and LinkedIn profile,early_career_professionals; school_students,one_on_one,online; in_person,English; Urdu,1,weekly,3_months,true,true,true,true,false,false,false,false,false,false,false,true,true,free,0,,India,Jammu and Kashmir,Srinagar,,remote,true,true,Asia/Kolkata,weekdays; friday,evening,available,2026-10-03,unknown,,,,,not_offered,,,,,mentorship; career_advice,false,false,test_environment_only,not_applicable,,unverified,none,,2026-10-03,synthetic_generator_v1,,2026-10-03,2026-10-03,SYNTHETIC TEST RECORD – not a real person; must never appear in public search results.
PRO-SAMPLE-0080,sample,sample_only,Sample Professional 0080,Sample 0080,[SAMPLE] Lead Business Analyst – Process improvement,Synthetic test profile for application development. Represents a executive lead business analyst in consulting. Not a real person.,,,,,,,,in_platform_request,not_applicable,not_applicable,Sample Community Organisation (fictional),member,Hyderabad,true,true,false,Lead Business Analyst,Fictional Consulting Company J (sample),Consulting,business_analysis,Process improvement,executive,27,29,full_time,employed,Fictional Previous Employer T (sample),Business Analyst,,,,Requirements gathering; Process mapping; SQL,Teamwork; Time management; Problem solving,Visio; Jira; Excel,English; Urdu; Hindi,masters,Business Administration,Sample University (fictional),1999,,,,true,business_analysis,Scholarship applications; Higher studies abroad; Switching careers,fresh_graduates; women_returning_to_work,one_on_one; group,online; in_person,English; Urdu,5,weekly,1_month,true,false,false,true,false,false,false,true,false,true,false,false,true,free,0,,India,Telangana,Hyderabad,,onsite,true,true,Asia/Kolkata,friday; weekdays,evening,available,2026-10-03,unknown,,,,,not_offered,,,,,mentorship; career_advice,false,false,test_environment_only,not_applicable,,unverified,none,,2026-10-03,synthetic_generator_v1,,2026-10-03,2026-10-03,SYNTHETIC TEST RECORD – not a real person; must never appear in public search results.
PRO-SAMPLE-0081,sample,sample_only,Sample Professional 0081,Sample 0081,[SAMPLE] Project Coordinator – Agile delivery,Synthetic test profile for application development. Represents a entry level project coordinator in construction. Not a real person.,,,,,,,,in_platform_request,not_applicable,not_applicable,Sample Community Organisation (fictional),event_volunteer,Ahmedabad,false,false,false,Project Coordinator,Fictional Construction Company A (sample),Construction,project_management,Agile delivery,entry_level,1,1,full_time,employed,,,,,,Planning; Risk management; Stakeholder management,Public speaking; Mentoring; Time management,MS Project; Jira; Smartsheet,English; Urdu; Hindi,bachelors,Engineering,Sample University (fictional),2025,,,,false,,,,,,English; Urdu,0,,,false,false,false,false,false,false,false,false,false,false,false,true,false,,,,India,Gujarat,Ahmedabad,,hybrid,false,false,Asia/Kolkata,weekdays; friday,morning,not_available,2026-10-03,unknown,,,,,not_offered,,,,,networking,false,false,test_environment_only,not_applicable,,unverified,none,,2026-10-03,synthetic_generator_v1,,2026-10-03,2026-10-03,SYNTHETIC TEST RECORD – not a real person; must never appear in public search results.
PRO-SAMPLE-0082,sample,sample_only,Sample Professional 0082,Sample 0082,[SAMPLE] Project Manager – Infrastructure projects,Synthetic test profile for application development. Represents a mid level project manager in construction. Not a real person.,,,,,,,,in_platform_request,not_applicable,not_applicable,Sample Community Organisation (fictional),volunteer_mentor,Toronto,true,true,true,Project Manager,Fictional Construction Company B (sample),Construction,project_management,Infrastructure projects,mid_level,6,8,full_time,employed,Fictional Previous Employer L (sample),Project Coordinator,,,,Planning; Risk management; Stakeholder management,Negotiation; Mentoring; Problem solving,MS Project; Jira; Smartsheet,English,bachelors,Engineering,Sample University (fictional),2020,,,,true,project_management,Starting a business; Career planning; First job search,career_changers; postgraduate_students,one_on_one; group,online,English,1,monthly,6_months,true,false,true,true,false,false,false,true,true,false,false,true,true,free,0,,Canada,Ontario,Toronto,,onsite,true,false,America/Toronto,saturday; friday,afternoon,available,2026-10-03,unknown,,,,,not_offered,,,,,mentorship; career_advice,false,false,test_environment_only,not_applicable,,unverified,none,,2026-10-03,synthetic_generator_v1,,2026-10-03,2026-10-03,SYNTHETIC TEST RECORD – not a real person; must never appear in public search results.
PRO-SAMPLE-0083,sample,sample_only,Sample Professional 0083,Sample 0083,[SAMPLE] Project Manager – PMO setup,Synthetic test profile for application development. Represents a senior project manager in construction. Not a real person.,,,,,,,,in_platform_request,not_applicable,not_applicable,Sample Community Organisation (fictional),volunteer_mentor,New Delhi,false,true,false,Project Manager,Fictional Construction Company C (sample),Construction,project_management,PMO setup,senior,11,11,full_time,employed,Fictional Previous Employer M (sample),Project Coordinator,,,,Planning; Risk management; Stakeholder management,Time management; Mentoring; Negotiation,MS Project; Jira; Smartsheet,English; Urdu; Hindi,masters,Engineering,Sample University (fictional),2015,,,,true,project_management,Higher studies abroad; Freelancing basics; Scholarship applications,postgraduate_students; fresh_graduates,one_on_one; group,online; in_person,English; Urdu,2,fortnightly,6_months,true,true,false,true,false,false,false,false,true,true,false,false,true,free,0,,India,Delhi,New Delhi,,remote,true,true,Asia/Kolkata,friday; saturday,morning,available,2026-10-03,unknown,,,,,not_offered,,,,,mentorship; career_advice,false,false,test_environment_only,not_applicable,,unverified,none,,2026-10-03,synthetic_generator_v1,,2026-10-03,2026-10-03,SYNTHETIC TEST RECORD – not a real person; must never appear in public search results.
PRO-SAMPLE-0084,sample,sample_only,Sample Professional 0084,Sample 0084,[SAMPLE] Programme Director – Agile delivery,Synthetic test profile for application development. Represents a lead programme director in construction. Not a real person.,,,,,,,,in_platform_request,not_applicable,not_applicable,Sample Community Organisation (fictional),event_volunteer,Ahmedabad,true,true,false,Programme Director,Fictional Construction Company D (sample),Construction,project_management,Agile delivery,lead,20,22,full_time,employed,Fictional Previous Employer N (sample),Project Coordinator,,,,Planning; Risk management; Stakeholder management,Communication; Negotiation; Teamwork,MS Project; Jira; Smartsheet,English; Urdu; Hindi,masters,Engineering,Sample University (fictional),2005,,,,true,project_management,Higher studies abroad; Resume and LinkedIn profile; Career planning,career_changers; early_career_professionals,one_on_one; group,online; in_person,English; Urdu,4,monthly,1_month,true,true,false,true,false,false,false,false,false,false,false,true,true,free,0,,India,Gujarat,Ahmedabad,,hybrid,true,true,Asia/Kolkata,friday; saturday,evening,available,2026-10-03,unknown,,,,,not_offered,,,,,mentorship; career_advice,false,false,test_environment_only,not_applicable,,unverified,none,,2026-10-03,synthetic_generator_v1,,2026-10-03,2026-10-03,SYNTHETIC TEST RECORD – not a real person; must never appear in public search results.
PRO-SAMPLE-0085,sample,sample_only,Sample Professional 0085,Sample 0085,[SAMPLE] Programme Director – Infrastructure projects,Synthetic test profile for application development. Represents a executive programme director in construction. Not a real person.,,,,,,,,in_platform_request,not_applicable,not_applicable,Sample Community Organisation (fictional),volunteer_mentor,Ahmedabad,false,true,true,Programme Director,Fictional Construction Company E (sample),Construction,project_management,Infrastructure projects,executive,24,25,full_time,employed,Fictional Previous Employer O (sample),Project Coordinator,,,,Planning; Risk management; Stakeholder management,Teamwork; Problem solving; Public speaking,MS Project; Jira; Smartsheet,English; Urdu; Hindi,masters,Engineering,Sample University (fictional),2001,,,,true,project_management,Career planning; First job search; Skill roadmap,school_students; undergraduate_students,one_on_one; group,online,English; Urdu,2,weekly,1_month,true,true,true,true,false,true,false,false,false,true,false,true,true,free,0,,India,Gujarat,Ahmedabad,,onsite,true,false,Asia/Kolkata,weekdays; friday,morning,available,2026-10-03,unknown,,,,,not_offered,,,,,mentorship; career_advice,false,false,test_environment_only,not_applicable,,unverified,none,,2026-10-03,synthetic_generator_v1,,2026-10-03,2026-10-03,SYNTHETIC TEST RECORD – not a real person; must never appear in public search results.
PRO-SAMPLE-0086,sample,sample_only,Sample Professional 0086,Sample 0086,[SAMPLE] Project Coordinator – PMO setup,Synthetic test profile for application development. Represents a entry level project coordinator in construction. Not a real person.,,,,,,,,in_platform_request,not_applicable,not_applicable,Sample Community Organisation (fictional),event_volunteer,Mumbai,true,true,true,Project Coordinator,Fictional Construction Company F (sample),Construction,project_management,PMO setup,entry_level,1,1,full_time,employed,,,,,,Planning; Risk management; Stakeholder management,Public speaking; Leadership; Negotiation,MS Project; Jira; Smartsheet,English; Urdu; Hindi,bachelors,Engineering,Sample University (fictional),2025,,,,true,project_management,Higher studies abroad; Starting a business; Skill roadmap,school_students; fresh_graduates,one_on_one,online; in_person,English; Urdu,4,weekly,3_months,true,true,true,true,false,false,false,false,true,true,false,false,true,free,0,,India,Maharashtra,Mumbai,,hybrid,true,true,Asia/Kolkata,sunday; weekdays,afternoon,available,2026-10-03,unknown,,,,,not_offered,,,,,mentorship; career_advice,false,false,test_environment_only,not_applicable,,unverified,none,,2026-10-03,synthetic_generator_v1,,2026-10-03,2026-10-03,SYNTHETIC TEST RECORD – not a real person; must never appear in public search results.
PRO-SAMPLE-0087,sample,sample_only,Sample Professional 0087,Sample 0087,[SAMPLE] Project Manager – Agile delivery,Synthetic test profile for application development. Represents a mid level project manager in construction. Not a real person.,,,,,,,,in_platform_request,not_applicable,not_applicable,Sample Community Organisation (fictional),event_volunteer,Chennai,true,true,true,Project Manager,Fictional Construction Company G (sample),Construction,project_management,Agile delivery,mid_level,4,6,full_time,employed,Fictional Previous Employer Q (sample),Project Coordinator,,,,Planning; Risk management; Stakeholder management,Teamwork; Public speaking; Problem solving,MS Project; Jira; Smartsheet,English; Urdu; Hindi,bachelors,Engineering,Sample University (fictional),2022,,,,true,project_management,First job search; Scholarship applications; Resume and LinkedIn profile,early_career_professionals; undergraduate_students,one_on_one; group,online,English; Urdu,1,fortnightly,ongoing,true,false,true,true,false,true,false,false,false,false,false,true,true,free,0,,India,Tamil Nadu,Chennai,,remote,true,false,Asia/Kolkata,saturday; friday,evening,available,2026-10-03,unknown,,,,,not_offered,,,,,mentorship; career_advice,false,false,test_environment_only,not_applicable,,unverified,none,,2026-10-03,synthetic_generator_v1,,2026-10-03,2026-10-03,SYNTHETIC TEST RECORD – not a real person; must never appear in public search results.
PRO-SAMPLE-0088,sample,sample_only,Sample Professional 0088,Sample 0088,[SAMPLE] Project Manager – Infrastructure projects,Synthetic test profile for application development. Represents a senior project manager in construction. Not a real person.,,,,,,,,in_platform_request,not_applicable,not_applicable,Sample Community Organisation (fictional),event_volunteer,Lucknow,false,true,true,Project Manager,Fictional Construction Company H (sample),Construction,project_management,Infrastructure projects,senior,13,15,full_time,employed,Fictional Previous Employer R (sample),Project Coordinator,,,,Planning; Risk management; Stakeholder management,Negotiation; Mentoring; Leadership,MS Project; Jira; Smartsheet,English; Urdu; Hindi,masters,Engineering,Sample University (fictional),2012,,,,true,project_management,First job search; Freelancing basics; Resume and LinkedIn profile,fresh_graduates; undergraduate_students,one_on_one,online; in_person,English; Urdu,5,fortnightly,1_month,true,true,true,false,false,true,false,false,false,true,false,true,true,free,0,,India,Uttar Pradesh,Lucknow,,remote,true,true,Asia/Kolkata,sunday; weekdays,evening,available,2026-10-03,unknown,,,,,not_offered,,,,,mentorship; career_advice,false,false,test_environment_only,not_applicable,,unverified,none,,2026-10-03,synthetic_generator_v1,,2026-10-03,2026-10-03,SYNTHETIC TEST RECORD – not a real person; must never appear in public search results.
PRO-SAMPLE-0089,sample,sample_only,Sample Professional 0089,Sample 0089,[SAMPLE] Programme Director – PMO setup,Synthetic test profile for application development. Represents a lead programme director in construction. Not a real person.,,,,,,,,in_platform_request,not_applicable,not_applicable,Sample Community Organisation (fictional),member,Kolkata,false,true,true,Programme Director,Fictional Construction Company I (sample),Construction,project_management,PMO setup,lead,12,14,full_time,employed,Fictional Previous Employer S (sample),Project Coordinator,,,,Planning; Risk management; Stakeholder management,Time management; Mentoring; Communication,MS Project; Jira; Smartsheet,English; Urdu; Hindi,masters,Engineering,Sample University (fictional),2014,,,,true,project_management,Resume and LinkedIn profile; Career planning; Starting a business,early_career_professionals; undergraduate_students,one_on_one,online,English; Urdu,4,fortnightly,1_month,true,true,true,false,false,false,false,true,false,false,false,true,true,free,0,,India,West Bengal,Kolkata,,hybrid,true,false,Asia/Kolkata,weekdays; sunday,evening,available,2026-10-03,unknown,,,,,not_offered,,,,,mentorship; career_advice,false,false,test_environment_only,not_applicable,,unverified,none,,2026-10-03,synthetic_generator_v1,,2026-10-03,2026-10-03,SYNTHETIC TEST RECORD – not a real person; must never appear in public search results.
PRO-SAMPLE-0090,sample,sample_only,Sample Professional 0090,Sample 0090,[SAMPLE] Programme Director – Agile delivery,Synthetic test profile for application development. Represents a executive programme director in construction. Not a real person.,,,,,,,,in_platform_request,not_applicable,not_applicable,Sample Community Organisation (fictional),volunteer_mentor,Dubai,true,true,true,Programme Director,Fictional Construction Company J (sample),Construction,project_management,Agile delivery,executive,29,29,full_time,employed,Fictional Previous Employer T (sample),Project Coordinator,,,,Planning; Risk management; Stakeholder management,Negotiation; Mentoring; Leadership,MS Project; Jira; Smartsheet,English; Arabic,masters,Engineering,Sample University (fictional),1997,,,,true,project_management,Switching careers; Freelancing basics; Career planning,early_career_professionals; fresh_graduates,one_on_one,online,English,5,weekly,3_months,true,true,false,true,false,true,false,false,true,false,false,true,true,free,0,,United Arab Emirates,Dubai,Dubai,,remote,true,false,Asia/Dubai,sunday; saturday,morning,available,2026-10-03,unknown,,,,,not_offered,,,,,mentorship; career_advice,false,false,test_environment_only,not_applicable,,unverified,none,,2026-10-03,synthetic_generator_v1,,2026-10-03,2026-10-03,SYNTHETIC TEST RECORD – not a real person; must never appear in public search results.
PRO-SAMPLE-0091,sample,sample_only,Sample Professional 0091,Sample 0091,[SAMPLE] Accountant – Financial reporting,Synthetic test profile for application development. Represents a entry level accountant in financial services. Not a real person.,,,,,,,,in_platform_request,not_applicable,not_applicable,Sample Community Organisation (fictional),volunteer_mentor,Dubai,true,true,false,Accountant,Fictional Financial Services Company A (sample),Financial Services,finance_accounting,Financial reporting,entry_level,3,3,full_time,employed,,,,,,Accounting standards; Financial modelling; Taxation,Communication; Problem solving; Mentoring,Tally; SAP; Excel,English; Arabic,bachelors,Commerce,Sample University (fictional),2023,,,,true,finance_accounting,Career planning; Resume and LinkedIn profile; Starting a business,school_students; early_career_professionals,one_on_one; group,online,English,2,monthly,1_month,true,true,true,false,false,true,false,true,false,true,false,true,true,free,0,,United Arab Emirates,Dubai,Dubai,,remote,true,false,Asia/Dubai,sunday; saturday,morning,available,2026-10-03,unknown,,,,,not_offered,,,,,mentorship; career_advice,false,false,test_environment_only,not_applicable,,unverified,none,,2026-10-03,synthetic_generator_v1,,2026-10-03,2026-10-03,SYNTHETIC TEST RECORD – not a real person; must never appear in public search results.
PRO-SAMPLE-0092,sample,sample_only,Sample Professional 0092,Sample 0092,[SAMPLE] Senior Financial Analyst – Taxation,Synthetic test profile for application development. Represents a mid level senior financial analyst in financial services. Not a real person.,,,,,,,,in_platform_request,not_applicable,not_applicable,Sample Community Organisation (fictional),volunteer_mentor,Mumbai,true,true,true,Senior Financial Analyst,Fictional Financial Services Company B (sample),Financial Services,finance_accounting,Taxation,mid_level,9,9,full_time,employed,Fictional Previous Employer L (sample),Accountant,,,,Accounting standards; Financial modelling; Taxation,Communication; Negotiation; Teamwork,Tally; SAP; Excel,English; Urdu; Hindi,bachelors,Commerce,Sample University (fictional),2016,,,,true,finance_accounting,Resume and LinkedIn profile; Career planning; Scholarship applications,women_returning_to_work; postgraduate_students,one_on_one; group,online,English; Urdu,1,monthly,3_months,true,true,true,false,false,false,false,false,true,false,false,true,true,free,0,,India,Maharashtra,Mumbai,,onsite,true,false,Asia/Kolkata,friday; weekdays,afternoon,available,2026-10-03,unknown,,,,,not_offered,,,,,mentorship; career_advice,false,false,test_environment_only,not_applicable,,unverified,none,,2026-10-03,synthetic_generator_v1,,2026-10-03,2026-10-03,SYNTHETIC TEST RECORD – not a real person; must never appear in public search results.
PRO-SAMPLE-0093,sample,sample_only,Sample Professional 0093,Sample 0093,[SAMPLE] Senior Financial Analyst – FP&A,Synthetic test profile for application development. Represents a senior senior financial analyst in financial services. Not a real person.,,,,,,,,in_platform_request,not_applicable,not_applicable,Sample Community Organisation (fictional),member,London,false,true,true,Senior Financial Analyst,Fictional Financial Services Company C (sample),Financial Services,finance_accounting,FP&A,senior,14,16,full_time,employed,Fictional Previous Employer M (sample),Accountant,,,,Accounting standards; Financial modelling; Taxation,Communication; Public speaking; Mentoring,Tally; SAP; Excel,English,masters,Commerce,Sample University (fictional),2011,,,,true,finance_accounting,Career planning; Interview preparation; Resume and LinkedIn profile,postgraduate_students; women_returning_to_work,one_on_one; group,online,English,1,monthly,3_months,true,true,true,false,false,true,false,false,false,true,false,true,true,free,0,,United Kingdom,England,London,,onsite,true,false,Europe/London,weekdays; saturday,afternoon,available,2026-10-03,unknown,,,,,not_offered,,,,,mentorship; career_advice,false,false,test_environment_only,not_applicable,,unverified,none,,2026-10-03,synthetic_generator_v1,,2026-10-03,2026-10-03,SYNTHETIC TEST RECORD – not a real person; must never appear in public search results.
PRO-SAMPLE-0094,sample,sample_only,Sample Professional 0094,Sample 0094,[SAMPLE] Finance Controller – Financial reporting,Synthetic test profile for application development. Represents a lead finance controller in financial services. Not a real person.,,,,,,,,in_platform_request,not_applicable,not_applicable,Sample Community Organisation (fictional),volunteer_mentor,London,true,true,true,Finance Controller,Fictional Financial Services Company D (sample),Financial Services,finance_accounting,Financial reporting,lead,20,21,full_time,employed,Fictional Previous Employer N (sample),Accountant,,,,Accounting standards; Financial modelling; Taxation,Time management; Leadership; Problem solving,Tally; SAP; Excel,English,masters,Commerce,Sample University (fictional),2006,,,,true,finance_accounting,Switching careers; Freelancing basics; Higher studies abroad,undergraduate_students; postgraduate_students,one_on_one; group,online,English,4,fortnightly,ongoing,true,true,true,false,false,true,false,false,false,true,false,true,true,free,0,,United Kingdom,England,London,,onsite,true,false,Europe/London,weekdays; friday,evening,available,2026-10-03,unknown,,,,,not_offered,,,,,mentorship; career_advice,false,false,test_environment_only,not_applicable,,unverified,none,,2026-10-03,synthetic_generator_v1,,2026-10-03,2026-10-03,SYNTHETIC TEST RECORD – not a real person; must never appear in public search results.
PRO-SAMPLE-0095,sample,sample_only,Sample Professional 0095,Sample 0095,[SAMPLE] Finance Controller – Taxation,Synthetic test profile for application development. Represents a executive finance controller in financial services. Not a real person.,,,,,,,,in_platform_request,not_applicable,not_applicable,Sample Community Organisation (fictional),event_volunteer,Kolkata,true,true,true,Finance Controller,Fictional Financial Services Company E (sample),Financial Services,finance_accounting,Taxation,executive,23,23,full_time,employed,Fictional Previous Employer O (sample),Accountant,,,,Accounting standards; Financial modelling; Taxation,Mentoring; Public speaking; Negotiation,Tally; SAP; Excel,English; Urdu; Hindi,masters,Commerce,Sample University (fictional),2002,,,,true,finance_accounting,Interview preparation; First job search; Higher studies abroad,postgraduate_students; undergraduate_students,one_on_one; group,online,English; Urdu,3,monthly,6_months,true,true,false,true,false,false,false,true,false,false,false,true,true,free,0,,India,West Bengal,Kolkata,,hybrid,true,false,Asia/Kolkata,weekdays; friday,afternoon,available,2026-10-03,unknown,,,,,not_offered,,,,,mentorship; career_advice,false,false,test_environment_only,not_applicable,,unverified,none,,2026-10-03,synthetic_generator_v1,,2026-10-03,2026-10-03,SYNTHETIC TEST RECORD – not a real person; must never appear in public search results.
PRO-SAMPLE-0096,sample,sample_only,Sample Professional 0096,Sample 0096,[SAMPLE] Accountant – FP&A,Synthetic test profile for application development. Represents a entry level accountant in financial services. Not a real person.,,,,,,,,in_platform_request,not_applicable,not_applicable,Sample Community Organisation (fictional),event_volunteer,Lucknow,true,false,true,Accountant,Fictional Financial Services Company F (sample),Financial Services,finance_accounting,FP&A,entry_level,1,1,full_time,employed,,,,,,Accounting standards; Financial modelling; Taxation,Teamwork; Mentoring; Time management,Tally; SAP; Excel,English; Urdu; Hindi,bachelors,Commerce,Sample University (fictional),2024,,,,false,,,,,,English; Urdu,0,,,false,false,false,false,false,false,false,false,false,false,false,false,false,,,,India,Uttar Pradesh,Lucknow,,onsite,false,false,Asia/Kolkata,sunday; friday,evening,not_available,2026-10-03,unknown,,,,,not_offered,,,,,networking,false,false,test_environment_only,not_applicable,,unverified,none,,2026-10-03,synthetic_generator_v1,,2026-10-03,2026-10-03,SYNTHETIC TEST RECORD – not a real person; must never appear in public search results.
PRO-SAMPLE-0097,sample,sample_only,Sample Professional 0097,Sample 0097,[SAMPLE] Senior Financial Analyst – Financial reporting,Synthetic test profile for application development. Represents a mid level senior financial analyst in financial services. Not a real person.,,,,,,,,in_platform_request,not_applicable,not_applicable,Sample Community Organisation (fictional),volunteer_mentor,Bengaluru,true,true,true,Senior Financial Analyst,Fictional Financial Services Company G (sample),Financial Services,finance_accounting,Financial reporting,mid_level,5,7,full_time,employed,Fictional Previous Employer Q (sample),Accountant,,,,Accounting standards; Financial modelling; Taxation,Mentoring; Problem solving; Time management,Tally; SAP; Excel,English; Urdu; Hindi,bachelors,Commerce,Sample University (fictional),2021,,,,true,finance_accounting,Resume and LinkedIn profile; Scholarship applications; Interview preparation,career_changers; postgraduate_students,one_on_one; group,online; in_person,English; Urdu,2,monthly,1_month,true,true,true,false,false,false,false,false,false,true,false,true,true,free,0,,India,Karnataka,Bengaluru,,hybrid,true,true,Asia/Kolkata,weekdays; sunday,evening,available,2026-10-03,unknown,,,,,not_offered,,,,,mentorship; career_advice,false,false,test_environment_only,not_applicable,,unverified,none,,2026-10-03,synthetic_generator_v1,,2026-10-03,2026-10-03,SYNTHETIC TEST RECORD – not a real person; must never appear in public search results.
PRO-SAMPLE-0098,sample,sample_only,Sample Professional 0098,Sample 0098,[SAMPLE] Senior Financial Analyst – Taxation,Synthetic test profile for application development. Represents a senior senior financial analyst in financial services. Not a real person.,,,,,,,,in_platform_request,not_applicable,not_applicable,Sample Community Organisation (fictional),event_volunteer,Toronto,true,true,true,Senior Financial Analyst,Fictional Financial Services Company H (sample),Financial Services,finance_accounting,Taxation,senior,14,15,full_time,employed,Fictional Previous Employer R (sample),Accountant,,,,Accounting standards; Financial modelling; Taxation,Leadership; Communication; Negotiation,Tally; SAP; Excel,English,masters,Commerce,Sample University (fictional),2011,,,,true,finance_accounting,Scholarship applications; Skill roadmap; Career planning,school_students; postgraduate_students,one_on_one; group,online,English,2,fortnightly,6_months,true,false,false,true,false,true,false,false,false,false,false,true,true,free,0,,Canada,Ontario,Toronto,,remote,true,false,America/Toronto,sunday; weekdays,afternoon,available,2026-10-03,unknown,,,,,not_offered,,,,,mentorship; career_advice,false,false,test_environment_only,not_applicable,,unverified,none,,2026-10-03,synthetic_generator_v1,,2026-10-03,2026-10-03,SYNTHETIC TEST RECORD – not a real person; must never appear in public search results.
PRO-SAMPLE-0099,sample,sample_only,Sample Professional 0099,Sample 0099,[SAMPLE] Finance Controller – FP&A,Synthetic test profile for application development. Represents a lead finance controller in financial services. Not a real person.,,,,,,,,in_platform_request,not_applicable,not_applicable,Sample Community Organisation (fictional),volunteer_mentor,Chennai,true,true,true,Finance Controller,Fictional Financial Services Company I (sample),Financial Services,finance_accounting,FP&A,lead,19,21,full_time,employed,Fictional Previous Employer S (sample),Accountant,,,,Accounting standards; Financial modelling; Taxation,Communication; Leadership; Time management,Tally; SAP; Excel,English; Urdu; Hindi,masters,Commerce,Sample University (fictional),2006,,,,true,finance_accounting,Freelancing basics; Career planning; Higher studies abroad,undergraduate_students; career_changers,one_on_one; group,online,English; Urdu,2,monthly,3_months,true,true,false,true,false,false,false,false,false,false,false,true,true,free,0,,India,Tamil Nadu,Chennai,,hybrid,true,false,Asia/Kolkata,saturday; weekdays,evening,available,2026-10-03,unknown,,,,,not_offered,,,,,mentorship; career_advice,false,false,test_environment_only,not_applicable,,unverified,none,,2026-10-03,synthetic_generator_v1,,2026-10-03,2026-10-03,SYNTHETIC TEST RECORD – not a real person; must never appear in public search results.
PRO-SAMPLE-0100,sample,sample_only,Sample Professional 0100,Sample 0100,[SAMPLE] Finance Controller – Financial reporting,Synthetic test profile for application development. Represents a executive finance controller in financial services. Not a real person.,,,,,,,,in_platform_request,not_applicable,not_applicable,Sample Community Organisation (fictional),member,Dubai,true,true,true,Finance Controller,Fictional Financial Services Company J (sample),Financial Services,finance_accounting,Financial reporting,executive,28,30,full_time,employed,Fictional Previous Employer T (sample),Accountant,,,,Accounting standards; Financial modelling; Taxation,Problem solving; Leadership; Mentoring,Tally; SAP; Excel,English; Arabic,masters,Commerce,Sample University (fictional),1998,,,,true,finance_accounting,Freelancing basics; Switching careers; Skill roadmap,school_students; undergraduate_students,one_on_one,online,English,1,fortnightly,ongoing,true,true,false,true,false,true,false,false,false,false,false,true,true,free,0,,United Arab Emirates,Dubai,Dubai,,onsite,true,false,Asia/Dubai,friday; saturday,morning,available,2026-10-03,unknown,,,,,not_offered,,,,,mentorship; career_advice,false,false,test_environment_only,not_applicable,,unverified,none,,2026-10-03,synthetic_generator_v1,,2026-10-03,2026-10-03,SYNTHETIC TEST RECORD – not a real person; must never appear in public search results.
PRO-SAMPLE-0101,sample,sample_only,Sample Professional 0101,Sample 0101,[SAMPLE] Relationship Officer – Retail banking,Synthetic test profile for application development. Represents a entry level relationship officer in banking. Not a real person.,,,,,,,,in_platform_request,not_applicable,not_applicable,Sample Community Organisation (fictional),member,Kargil,true,false,false,Relationship Officer,Fictional Banking Company A (sample),Banking,banking,Retail banking,entry_level,2,2,full_time,employed,,,,,,Credit analysis; KYC/AML; Financial products,Time management; Mentoring; Problem solving,Core banking systems; Excel,English; Urdu; Hindi,bachelors,Finance,Sample University (fictional),2023,,,,false,,,,,,English; Urdu,0,,,false,false,false,false,false,false,false,false,false,false,false,true,false,,,,India,Ladakh,Kargil,,onsite,false,false,Asia/Kolkata,friday; saturday,afternoon,not_available,2026-10-03,unknown,,,,,not_offered,,,,,networking,false,false,test_environment_only,not_applicable,,unverified,none,,2026-10-03,synthetic_generator_v1,,2026-10-03,2026-10-03,SYNTHETIC TEST RECORD – not a real person; must never appear in public search results.
PRO-SAMPLE-0102,sample,sample_only,Sample Professional 0102,Sample 0102,[SAMPLE] Credit Manager – Credit appraisal,Synthetic test profile for application development. Represents a mid level credit manager in banking. Not a real person.,,,,,,,,in_platform_request,not_applicable,not_applicable,Sample Community Organisation (fictional),member,Patna,true,true,true,Credit Manager,Fictional Banking Company B (sample),Banking,banking,Credit appraisal,mid_level,6,6,full_time,employed,Fictional Previous Employer L (sample),Relationship Officer,,,,Credit analysis; KYC/AML; Financial products,Teamwork; Time management; Communication,Core banking systems; Excel,English; Urdu; Hindi,bachelors,Finance,Sample University (fictional),2019,,,,true,banking,Resume and LinkedIn profile; Switching careers; Scholarship applications,early_career_professionals; women_returning_to_work,one_on_one; group,online,English; Urdu,4,fortnightly,3_months,true,true,true,false,false,false,false,false,true,true,false,false,true,free,0,,India,Bihar,Patna,,onsite,true,false,Asia/Kolkata,sunday; weekdays,evening,available,2026-10-03,unknown,,,,,not_offered,,,,,mentorship; career_advice,false,false,test_environment_only,not_applicable,,unverified,none,,2026-10-03,synthetic_generator_v1,,2026-10-03,2026-10-03,SYNTHETIC TEST RECORD – not a real person; must never appear in public search results.
PRO-SAMPLE-0103,sample,sample_only,Sample Professional 0103,Sample 0103,[SAMPLE] Credit Manager – Islamic finance,Synthetic test profile for application development. Represents a senior credit manager in banking. Not a real person.,,,,,,,,in_platform_request,not_applicable,not_applicable,Sample Community Organisation (fictional),volunteer_mentor,Toronto,false,true,true,Credit Manager,Fictional Banking Company C (sample),Banking,banking,Islamic finance,senior,11,11,full_time,employed,Fictional Previous Employer M (sample),Relationship Officer,,,,Credit analysis; KYC/AML; Financial products,Mentoring; Public speaking; Leadership,Core banking systems; Excel,English,masters,Finance,Sample University (fictional),2015,,,,true,banking,Freelancing basics; Higher studies abroad; Scholarship applications,undergraduate_students; early_career_professionals,one_on_one,online,English,2,monthly,1_month,true,false,true,false,false,false,false,true,false,false,false,true,true,free,0,,Canada,Ontario,Toronto,,remote,true,false,America/Toronto,weekdays; saturday,afternoon,available,2026-10-03,unknown,,,,,not_offered,,,,,mentorship; career_advice,false,false,test_environment_only,not_applicable,,unverified,none,,2026-10-03,synthetic_generator_v1,,2026-10-03,2026-10-03,SYNTHETIC TEST RECORD – not a real person; must never appear in public search results.
PRO-SAMPLE-0104,sample,sample_only,Sample Professional 0104,Sample 0104,[SAMPLE] Branch Head – Retail banking,Synthetic test profile for application development. Represents a lead branch head in banking. Not a real person.,,,,,,,,in_platform_request,not_applicable,not_applicable,Sample Community Organisation (fictional),event_volunteer,New Delhi,false,true,true,Branch Head,Fictional Banking Company D (sample),Banking,banking,Retail banking,lead,20,20,full_time,employed,Fictional Previous Employer N (sample),Relationship Officer,,,,Credit analysis; KYC/AML; Financial products,Leadership; Negotiation; Teamwork,Core banking systems; Excel,English; Urdu; Hindi,masters,Finance,Sample University (fictional),2006,,,,true,banking,Higher studies abroad; Career planning; Scholarship applications,postgraduate_students; early_career_professionals,one_on_one; group,online,English; Urdu,2,fortnightly,ongoing,true,true,true,true,false,true,false,false,true,false,false,false,true,free,0,,India,Delhi,New Delhi,,onsite,true,false,Asia/Kolkata,friday; weekdays,afternoon,available,2026-10-03,unknown,,,,,not_offered,,,,,mentorship; career_advice,false,false,test_environment_only,not_applicable,,unverified,none,,2026-10-03,synthetic_generator_v1,,2026-10-03,2026-10-03,SYNTHETIC TEST RECORD – not a real person; must never appear in public search results.
PRO-SAMPLE-0105,sample,sample_only,Sample Professional 0105,Sample 0105,[SAMPLE] Branch Head – Credit appraisal,Synthetic test profile for application development. Represents a executive branch head in banking. Not a real person.,,,,,,,,in_platform_request,not_applicable,not_applicable,Sample Community Organisation (fictional),volunteer_mentor,Bengaluru,false,true,true,Branch Head,Fictional Banking Company E (sample),Banking,banking,Credit appraisal,executive,18,18,full_time,employed,Fictional Previous Employer O (sample),Relationship Officer,,,,Credit analysis; KYC/AML; Financial products,Problem solving; Teamwork; Communication,Core banking systems; Excel,English; Urdu; Hindi,masters,Finance,Sample University (fictional),2007,,,,true,banking,Higher studies abroad; Interview preparation; Switching careers,fresh_graduates; school_students,one_on_one,online,English; Urdu,4,weekly,1_month,true,false,true,false,false,false,false,false,true,true,false,true,true,free,0,,India,Karnataka,Bengaluru,,hybrid,true,false,Asia/Kolkata,sunday; weekdays,afternoon,available,2026-10-03,unknown,,,,,not_offered,,,,,mentorship; career_advice,false,false,test_environment_only,not_applicable,,unverified,none,,2026-10-03,synthetic_generator_v1,,2026-10-03,2026-10-03,SYNTHETIC TEST RECORD – not a real person; must never appear in public search results.
PRO-SAMPLE-0106,sample,sample_only,Sample Professional 0106,Sample 0106,[SAMPLE] Relationship Officer – Islamic finance,Synthetic test profile for application development. Represents a entry level relationship officer in banking. Not a real person.,,,,,,,,in_platform_request,not_applicable,not_applicable,Sample Community Organisation (fictional),volunteer_mentor,Dubai,true,false,true,Relationship Officer,Fictional Banking Company F (sample),Banking,banking,Islamic finance,entry_level,1,1,full_time,employed,,,,,,Credit analysis; KYC/AML; Financial products,Public speaking; Teamwork; Mentoring,Core banking systems; Excel,English; Arabic,bachelors,Finance,Sample University (fictional),2025,,,,false,,,,,,English,0,,,false,false,false,false,false,false,false,false,false,false,false,false,false,,,,United Arab Emirates,Dubai,Dubai,,onsite,false,false,Asia/Dubai,saturday; friday,afternoon,not_available,2026-10-03,unknown,,,,,not_offered,,,,,networking,false,false,test_environment_only,not_applicable,,unverified,none,,2026-10-03,synthetic_generator_v1,,2026-10-03,2026-10-03,SYNTHETIC TEST RECORD – not a real person; must never appear in public search results.
PRO-SAMPLE-0107,sample,sample_only,Sample Professional 0107,Sample 0107,[SAMPLE] Credit Manager – Retail banking,Synthetic test profile for application development. Represents a mid level credit manager in banking. Not a real person.,,,,,,,,in_platform_request,not_applicable,not_applicable,Sample Community Organisation (fictional),volunteer_mentor,Pune,true,true,true,Credit Manager,Fictional Banking Company G (sample),Banking,banking,Retail banking,mid_level,4,6,full_time,employed,Fictional Previous Employer Q (sample),Relationship Officer,,,,Credit analysis; KYC/AML; Financial products,Negotiation; Mentoring; Problem solving,Core banking systems; Excel,English; Urdu; Hindi,bachelors,Finance,Sample University (fictional),2021,,,,true,banking,Starting a business; Skill roadmap; Scholarship applications,undergraduate_students; postgraduate_students,one_on_one,online,English; Urdu,5,weekly,1_month,true,true,false,false,false,true,false,false,true,false,false,true,true,free,0,,India,Maharashtra,Pune,,remote,true,false,Asia/Kolkata,weekdays; saturday,morning,available,2026-10-03,unknown,,,,,not_offered,,,,,mentorship; career_advice,false,false,test_environment_only,not_applicable,,unverified,none,,2026-10-03,synthetic_generator_v1,,2026-10-03,2026-10-03,SYNTHETIC TEST RECORD – not a real person; must never appear in public search results.
PRO-SAMPLE-0108,sample,sample_only,Sample Professional 0108,Sample 0108,[SAMPLE] Credit Manager – Credit appraisal,Synthetic test profile for application development. Represents a senior credit manager in banking. Not a real person.,,,,,,,,in_platform_request,not_applicable,not_applicable,Sample Community Organisation (fictional),member,New Delhi,true,true,true,Credit Manager,Fictional Banking Company H (sample),Banking,banking,Credit appraisal,senior,11,13,full_time,employed,Fictional Previous Employer R (sample),Relationship Officer,,,,Credit analysis; KYC/AML; Financial products,Mentoring; Teamwork; Problem solving,Core banking systems; Excel,English; Urdu; Hindi,masters,Finance,Sample University (fictional),2014,,,,true,banking,Switching careers; First job search; Freelancing basics,school_students; early_career_professionals,one_on_one,online; in_person,English; Urdu,2,monthly,ongoing,true,false,false,true,false,false,false,false,false,true,false,true,true,free,0,,India,Delhi,New Delhi,,hybrid,true,true,Asia/Kolkata,friday; saturday,morning,available,2026-10-03,unknown,,,,,not_offered,,,,,mentorship; career_advice,false,false,test_environment_only,not_applicable,,unverified,none,,2026-10-03,synthetic_generator_v1,,2026-10-03,2026-10-03,SYNTHETIC TEST RECORD – not a real person; must never appear in public search results.
PRO-SAMPLE-0109,sample,sample_only,Sample Professional 0109,Sample 0109,[SAMPLE] Branch Head – Islamic finance,Synthetic test profile for application development. Represents a lead branch head in banking. Not a real person.,,,,,,,,in_platform_request,not_applicable,not_applicable,Sample Community Organisation (fictional),member,Pune,true,true,true,Branch Head,Fictional Banking Company I (sample),Banking,banking,Islamic finance,lead,15,17,full_time,employed,Fictional Previous Employer S (sample),Relationship Officer,,,,Credit analysis; KYC/AML; Financial products,Teamwork; Time management; Public speaking,Core banking systems; Excel,English; Urdu; Hindi,masters,Finance,Sample University (fictional),2010,,,,true,banking,Starting a business; Freelancing basics; Career planning,fresh_graduates; school_students,one_on_one,online,English; Urdu,1,fortnightly,6_months,true,true,false,true,false,true,false,false,false,false,false,true,true,free,0,,India,Maharashtra,Pune,,onsite,true,false,Asia/Kolkata,sunday; weekdays,afternoon,available,2026-10-03,unknown,,,,,not_offered,,,,,mentorship; career_advice,false,false,test_environment_only,not_applicable,,unverified,none,,2026-10-03,synthetic_generator_v1,,2026-10-03,2026-10-03,SYNTHETIC TEST RECORD – not a real person; must never appear in public search results.
PRO-SAMPLE-0110,sample,sample_only,Sample Professional 0110,Sample 0110,[SAMPLE] Branch Head – Retail banking,Synthetic test profile for application development. Represents a executive branch head in banking. Not a real person.,,,,,,,,in_platform_request,not_applicable,not_applicable,Sample Community Organisation (fictional),event_volunteer,Kolkata,true,true,true,Branch Head,Fictional Banking Company J (sample),Banking,banking,Retail banking,executive,20,20,full_time,employed,Fictional Previous Employer T (sample),Relationship Officer,,,,Credit analysis; KYC/AML; Financial products,Teamwork; Leadership; Time management,Core banking systems; Excel,English; Urdu; Hindi,masters,Finance,Sample University (fictional),2005,,,,true,banking,Skill roadmap; Scholarship applications; Resume and LinkedIn profile,women_returning_to_work; career_changers,one_on_one; group,online; in_person,English; Urdu,3,weekly,6_months,true,false,false,false,false,false,false,true,false,false,false,true,true,free,0,,India,West Bengal,Kolkata,,remote,true,true,Asia/Kolkata,weekdays; saturday,evening,available,2026-10-03,unknown,,,,,not_offered,,,,,mentorship; career_advice,false,false,test_environment_only,not_applicable,,unverified,none,,2026-10-03,synthetic_generator_v1,,2026-10-03,2026-10-03,SYNTHETIC TEST RECORD – not a real person; must never appear in public search results.
PRO-SAMPLE-0111,sample,sample_only,Sample Professional 0111,Sample 0111,[SAMPLE] HR Executive – Talent acquisition,Synthetic test profile for application development. Represents a entry level hr executive in human resources. Not a real person.,,,,,,,,in_platform_request,not_applicable,not_applicable,Sample Community Organisation (fictional),member,Hyderabad,true,false,true,HR Executive,Fictional Human Resources Company A (sample),Human Resources,human_resources,Talent acquisition,entry_level,2,2,full_time,employed,,,,,,Recruitment; Employee relations; HR analytics,Mentoring; Public speaking; Teamwork,HRMS tools; LinkedIn Recruiter,English; Urdu; Hindi,bachelors,Human Resource Management,Sample University (fictional),2023,,,,false,,,,,,English; Urdu,0,,,false,false,false,false,false,false,false,false,false,false,false,true,false,,,,India,Telangana,Hyderabad,,hybrid,false,false,Asia/Kolkata,friday; sunday,afternoon,not_available,2026-10-03,unknown,,,,,not_offered,,,,,networking,false,false,test_environment_only,not_applicable,,unverified,none,,2026-10-03,synthetic_generator_v1,,2026-10-03,2026-10-03,SYNTHETIC TEST RECORD – not a real person; must never appear in public search results.
PRO-SAMPLE-0112,sample,sample_only,Sample Professional 0112,Sample 0112,[SAMPLE] HR Business Partner – Learning and development,Synthetic test profile for application development. Represents a mid level hr business partner in human resources. Not a real person.,,,,,,,,in_platform_request,not_applicable,not_applicable,Sample Community Organisation (fictional),volunteer_mentor,Kolkata,true,true,false,HR Business Partner,Fictional Human Resources Company B (sample),Human Resources,human_resources,Learning and development,mid_level,8,8,full_time,employed,Fictional Previous Employer L (sample),HR Executive,,,,Recruitment; Employee relations; HR analytics,Negotiation; Mentoring; Public speaking,HRMS tools; LinkedIn Recruiter,English; Urdu; Hindi,bachelors,Human Resource Management,Sample University (fictional),2018,,,,true,human_resources,Higher studies abroad; Career planning; Switching careers,postgraduate_students; school_students,one_on_one,online,English; Urdu,1,monthly,ongoing,true,true,true,true,false,true,false,false,true,true,false,false,true,free,0,,India,West Bengal,Kolkata,,hybrid,false,false,Asia/Kolkata,weekdays; sunday,morning,available,2026-10-03,unknown,,,,,not_offered,,,,,mentorship; career_advice,false,false,test_environment_only,not_applicable,,unverified,none,,2026-10-03,synthetic_generator_v1,,2026-10-03,2026-10-03,SYNTHETIC TEST RECORD – not a real person; must never appear in public search results.
PRO-SAMPLE-0113,sample,sample_only,Sample Professional 0113,Sample 0113,[SAMPLE] HR Business Partner – Compensation,Synthetic test profile for application development. Represents a senior hr business partner in human resources. Not a real person.,,,,,,,,in_platform_request,not_applicable,not_applicable,Sample Community Organisation (fictional),event_volunteer,Chennai,false,true,true,HR Business Partner,Fictional Human Resources Company C (sample),Human Resources,human_resources,Compensation,senior,13,13,full_time,employed,Fictional Previous Employer M (sample),HR Executive,,,,Recruitment; Employee relations; HR analytics,Leadership; Negotiation; Time management,HRMS tools; LinkedIn Recruiter,English; Urdu; Hindi,masters,Human Resource Management,Sample University (fictional),2012,,,,true,human_resources,Higher studies abroad; Starting a business; First job search,fresh_graduates; school_students,one_on_one,online,English; Urdu,1,weekly,3_months,true,true,true,false,false,true,false,false,false,false,false,true,true,free,0,,India,Tamil Nadu,Chennai,,hybrid,true,false,Asia/Kolkata,friday; sunday,morning,available,2026-10-03,unknown,,,,,not_offered,,,,,mentorship; career_advice,false,false,test_environment_only,not_applicable,,unverified,none,,2026-10-03,synthetic_generator_v1,,2026-10-03,2026-10-03,SYNTHETIC TEST RECORD – not a real person; must never appear in public search results.
PRO-SAMPLE-0114,sample,sample_only,Sample Professional 0114,Sample 0114,[SAMPLE] Head of HR – Talent acquisition,Synthetic test profile for application development. Represents a lead head of hr in human resources. Not a real person.,,,,,,,,in_platform_request,not_applicable,not_applicable,Sample Community Organisation (fictional),member,Srinagar,true,true,true,Head of HR,Fictional Human Resources Company D (sample),Human Resources,human_resources,Talent acquisition,lead,18,19,full_time,employed,Fictional Previous Employer N (sample),HR Executive,,,,Recruitment; Employee relations; HR analytics,Teamwork; Negotiation; Communication,HRMS tools; LinkedIn Recruiter,English; Urdu; Hindi,masters,Human Resource Management,Sample University (fictional),2007,,,,true,human_resources,Higher studies abroad; Switching careers; Scholarship applications,undergraduate_students; fresh_graduates,one_on_one; group,online,English; Urdu,2,monthly,ongoing,true,true,true,false,false,false,false,false,false,true,false,false,true,free,0,,India,Jammu and Kashmir,Srinagar,,onsite,true,false,Asia/Kolkata,saturday; sunday,evening,available,2026-10-03,unknown,,,,,not_offered,,,,,mentorship; career_advice,false,false,test_environment_only,not_applicable,,unverified,none,,2026-10-03,synthetic_generator_v1,,2026-10-03,2026-10-03,SYNTHETIC TEST RECORD – not a real person; must never appear in public search results.
PRO-SAMPLE-0115,sample,sample_only,Sample Professional 0115,Sample 0115,[SAMPLE] Head of HR – Learning and development,Synthetic test profile for application development. Represents a executive head of hr in human resources. Not a real person.,,,,,,,,in_platform_request,not_applicable,not_applicable,Sample Community Organisation (fictional),volunteer_mentor,Kolkata,true,true,true,Head of HR,Fictional Human Resources Company E (sample),Human Resources,human_resources,Learning and development,executive,26,27,full_time,employed,Fictional Previous Employer O (sample),HR Executive,,,,Recruitment; Employee relations; HR analytics,Leadership; Communication; Negotiation,HRMS tools; LinkedIn Recruiter,English; Urdu; Hindi,masters,Human Resource Management,Sample University (fictional),2000,,,,true,human_resources,Starting a business; Switching careers; First job search,early_career_professionals; school_students,one_on_one,online,English; Urdu,2,fortnightly,3_months,true,true,true,false,false,true,false,false,false,true,false,false,true,free,0,,India,West Bengal,Kolkata,,onsite,true,false,Asia/Kolkata,saturday; weekdays,morning,available,2026-10-03,unknown,,,,,not_offered,,,,,mentorship; career_advice,false,false,test_environment_only,not_applicable,,unverified,none,,2026-10-03,synthetic_generator_v1,,2026-10-03,2026-10-03,SYNTHETIC TEST RECORD – not a real person; must never appear in public search results.
PRO-SAMPLE-0116,sample,sample_only,Sample Professional 0116,Sample 0116,[SAMPLE] HR Executive – Compensation,Synthetic test profile for application development. Represents a entry level hr executive in human resources. Not a real person.,,,,,,,,in_platform_request,not_applicable,not_applicable,Sample Community Organisation (fictional),volunteer_mentor,Chennai,false,true,true,HR Executive,Fictional Human Resources Company F (sample),Human Resources,human_resources,Compensation,entry_level,2,2,full_time,employed,,,,,,Recruitment; Employee relations; HR analytics,Negotiation; Mentoring; Teamwork,HRMS tools; LinkedIn Recruiter,English; Urdu; Hindi,bachelors,Human Resource Management,Sample University (fictional),2024,,,,true,human_resources,Starting a business; Interview preparation; Scholarship applications,fresh_graduates; postgraduate_students,one_on_one,online,English; Urdu,1,fortnightly,6_months,true,false,true,true,false,true,false,false,false,true,false,true,true,free,0,,India,Tamil Nadu,Chennai,,onsite,true,false,Asia/Kolkata,saturday; weekdays,morning,available,2026-10-03,unknown,,,,,not_offered,,,,,mentorship; career_advice,false,false,test_environment_only,not_applicable,,unverified,none,,2026-10-03,synthetic_generator_v1,,2026-10-03,2026-10-03,SYNTHETIC TEST RECORD – not a real person; must never appear in public search results.
PRO-SAMPLE-0117,sample,sample_only,Sample Professional 0117,Sample 0117,[SAMPLE] HR Business Partner – Talent acquisition,Synthetic test profile for application development. Represents a mid level hr business partner in human resources. Not a real person.,,,,,,,,in_platform_request,not_applicable,not_applicable,Sample Community Organisation (fictional),volunteer_mentor,Kargil,true,true,true,HR Business Partner,Fictional Human Resources Company G (sample),Human Resources,human_resources,Talent acquisition,mid_level,7,7,full_time,employed,Fictional Previous Employer Q (sample),HR Executive,,,,Recruitment; Employee relations; HR analytics,Public speaking; Leadership; Communication,HRMS tools; LinkedIn Recruiter,English; Urdu; Hindi,bachelors,Human Resource Management,Sample University (fictional),2019,,,,true,human_resources,First job search; Starting a business; Skill roadmap,fresh_graduates; school_students,one_on_one; group,online,English; Urdu,5,weekly,1_month,true,false,true,false,false,false,false,false,false,true,false,true,true,free,0,,India,Ladakh,Kargil,,hybrid,true,false,Asia/Kolkata,friday; weekdays,evening,available,2026-10-03,unknown,,,,,not_offered,,,,,mentorship; career_advice,false,false,test_environment_only,not_applicable,,unverified,none,,2026-10-03,synthetic_generator_v1,,2026-10-03,2026-10-03,SYNTHETIC TEST RECORD – not a real person; must never appear in public search results.
PRO-SAMPLE-0118,sample,sample_only,Sample Professional 0118,Sample 0118,[SAMPLE] HR Business Partner – Learning and development,Synthetic test profile for application development. Represents a senior hr business partner in human resources. Not a real person.,,,,,,,,in_platform_request,not_applicable,not_applicable,Sample Community Organisation (fictional),event_volunteer,Pune,true,true,true,HR Business Partner,Fictional Human Resources Company H (sample),Human Resources,human_resources,Learning and development,senior,13,15,full_time,employed,Fictional Previous Employer R (sample),HR Executive,,,,Recruitment; Employee relations; HR analytics,Problem solving; Time management; Leadership,HRMS tools; LinkedIn Recruiter,English; Urdu; Hindi,masters,Human Resource Management,Sample University (fictional),2013,,,,true,human_resources,Starting a business; Scholarship applications; First job search,women_returning_to_work; career_changers,one_on_one,online; in_person,English; Urdu,1,weekly,6_months,true,true,false,true,false,false,false,false,false,true,false,true,true,free,0,,India,Maharashtra,Pune,,remote,true,true,Asia/Kolkata,saturday; friday,morning,available,2026-10-03,unknown,,,,,not_offered,,,,,mentorship; career_advice,false,false,test_environment_only,not_applicable,,unverified,none,,2026-10-03,synthetic_generator_v1,,2026-10-03,2026-10-03,SYNTHETIC TEST RECORD – not a real person; must never appear in public search results.
PRO-SAMPLE-0119,sample,sample_only,Sample Professional 0119,Sample 0119,[SAMPLE] Head of HR – Compensation,Synthetic test profile for application development. Represents a lead head of hr in human resources. Not a real person.,,,,,,,,in_platform_request,not_applicable,not_applicable,Sample Community Organisation (fictional),event_volunteer,New Delhi,true,true,true,Head of HR,Fictional Human Resources Company I (sample),Human Resources,human_resources,Compensation,lead,14,14,full_time,employed,Fictional Previous Employer S (sample),HR Executive,,,,Recruitment; Employee relations; HR analytics,Leadership; Problem solving; Time management,HRMS tools; LinkedIn Recruiter,English; Urdu; Hindi,masters,Human Resource Management,Sample University (fictional),2011,,,,true,human_resources,Higher studies abroad; Switching careers; First job search,career_changers; women_returning_to_work,one_on_one; group,online,English; Urdu,4,weekly,6_months,true,true,true,false,false,true,false,false,false,false,false,true,true,free,0,,India,Delhi,New Delhi,,hybrid,true,false,Asia/Kolkata,sunday; saturday,morning,available,2026-10-03,unknown,,,,,not_offered,,,,,mentorship; career_advice,false,false,test_environment_only,not_applicable,,unverified,none,,2026-10-03,synthetic_generator_v1,,2026-10-03,2026-10-03,SYNTHETIC TEST RECORD – not a real person; must never appear in public search results.
PRO-SAMPLE-0120,sample,sample_only,Sample Professional 0120,Sample 0120,[SAMPLE] Head of HR – Talent acquisition,Synthetic test profile for application development. Represents a executive head of hr in human resources. Not a real person.,,,,,,,,in_platform_request,not_applicable,not_applicable,Sample Community Organisation (fictional),event_volunteer,Ahmedabad,true,true,true,Head of HR,Fictional Human Resources Company J (sample),Human Resources,human_resources,Talent acquisition,executive,24,25,full_time,employed,Fictional Previous Employer T (sample),HR Executive,,,,Recruitment; Employee relations; HR analytics,Communication; Time management; Leadership,HRMS tools; LinkedIn Recruiter,English; Urdu; Hindi,masters,Human Resource Management,Sample University (fictional),2002,,,,true,human_resources,Starting a business; Higher studies abroad; First job search,fresh_graduates; early_career_professionals,one_on_one,online,English; Urdu,1,weekly,1_month,true,false,true,false,false,true,false,true,false,false,false,true,true,free,0,,India,Gujarat,Ahmedabad,,remote,true,false,Asia/Kolkata,friday; saturday,evening,available,2026-10-03,unknown,,,,,not_offered,,,,,mentorship; career_advice,false,false,test_environment_only,not_applicable,,unverified,none,,2026-10-03,synthetic_generator_v1,,2026-10-03,2026-10-03,SYNTHETIC TEST RECORD – not a real person; must never appear in public search results.
PRO-SAMPLE-0121,sample,sample_only,Sample Professional 0121,Sample 0121,[SAMPLE] Sales Executive – B2B sales,Synthetic test profile for application development. Represents a entry level sales executive in sales. Not a real person.,,,,,,,,in_platform_request,not_applicable,not_applicable,Sample Community Organisation (fictional),event_volunteer,Hyderabad,false,false,true,Sales Executive,Fictional Sales Company A (sample),Sales,sales_business_development,B2B sales,entry_level,3,3,full_time,employed,,,,,,Prospecting; Negotiation; CRM management,Public speaking; Communication; Teamwork,Salesforce; HubSpot,English; Urdu; Hindi,bachelors,Marketing,Sample University (fictional),2022,,,,false,,,,,,English; Urdu,0,,,false,false,false,false,false,false,false,false,false,false,false,false,false,,,,India,Telangana,Hyderabad,,onsite,false,false,Asia/Kolkata,weekdays; sunday,morning,not_available,2026-10-03,unknown,,,,,not_offered,,,,,networking,false,false,test_environment_only,not_applicable,,unverified,none,,2026-10-03,synthetic_generator_v1,,2026-10-03,2026-10-03,SYNTHETIC TEST RECORD – not a real person; must never appear in public search results.
PRO-SAMPLE-0122,sample,sample_only,Sample Professional 0122,Sample 0122,[SAMPLE] Business Development Manager – Channel sales,Synthetic test profile for application development. Represents a mid level business development manager in sales. Not a real person.,,,,,,,,in_platform_request,not_applicable,not_applicable,Sample Community Organisation (fictional),event_volunteer,Pune,false,true,false,Business Development Manager,Fictional Sales Company B (sample),Sales,sales_business_development,Channel sales,mid_level,5,5,full_time,employed,Fictional Previous Employer L (sample),Sales Executive,,,,Prospecting; Negotiation; CRM management,Mentoring; Teamwork; Time management,Salesforce; HubSpot,English; Urdu; Hindi,bachelors,Marketing,Sample University (fictional),2020,,,,true,sales_business_development,Resume and LinkedIn profile; Interview preparation; Skill roadmap,career_changers; early_career_professionals,one_on_one,online,English; Urdu,1,monthly,ongoing,true,true,false,false,false,true,false,true,false,false,false,false,true,free,0,,India,Maharashtra,Pune,,onsite,true,false,Asia/Kolkata,sunday; weekdays,evening,available,2026-10-03,unknown,,,,,not_offered,,,,,mentorship; career_advice,false,false,test_environment_only,not_applicable,,unverified,none,,2026-10-03,synthetic_generator_v1,,2026-10-03,2026-10-03,SYNTHETIC TEST RECORD – not a real person; must never appear in public search results.
PRO-SAMPLE-0123,sample,sample_only,Sample Professional 0123,Sample 0123,[SAMPLE] Business Development Manager – Key accounts,Synthetic test profile for application development. Represents a senior business development manager in sales. Not a real person.,,,,,,,,in_platform_request,not_applicable,not_applicable,Sample Community Organisation (fictional),volunteer_mentor,Bengaluru,false,true,true,Business Development Manager,Fictional Sales Company C (sample),Sales,sales_business_development,Key accounts,senior,12,12,full_time,employed,Fictional Previous Employer M (sample),Sales Executive,,,,Prospecting; Negotiation; CRM management,Time management; Communication; Negotiation,Salesforce; HubSpot,English; Urdu; Hindi,masters,Marketing,Sample University (fictional),2014,,,,true,sales_business_development,Resume and LinkedIn profile; Starting a business; Higher studies abroad,fresh_graduates; school_students,one_on_one,online,English; Urdu,5,fortnightly,1_month,true,true,false,true,false,false,false,false,false,false,false,true,true,free,0,,India,Karnataka,Bengaluru,,hybrid,true,false,Asia/Kolkata,friday; saturday,morning,available,2026-10-03,unknown,,,,,not_offered,,,,,mentorship; career_advice,false,false,test_environment_only,not_applicable,,unverified,none,,2026-10-03,synthetic_generator_v1,,2026-10-03,2026-10-03,SYNTHETIC TEST RECORD – not a real person; must never appear in public search results.
PRO-SAMPLE-0124,sample,sample_only,Sample Professional 0124,Sample 0124,[SAMPLE] Regional Sales Head – B2B sales,Synthetic test profile for application development. Represents a lead regional sales head in sales. Not a real person.,,,,,,,,in_platform_request,not_applicable,not_applicable,Sample Community Organisation (fictional),volunteer_mentor,New Delhi,false,true,true,Regional Sales Head,Fictional Sales Company D (sample),Sales,sales_business_development,B2B sales,lead,18,18,full_time,employed,Fictional Previous Employer N (sample),Sales Executive,,,,Prospecting; Negotiation; CRM management,Mentoring; Communication; Teamwork,Salesforce; HubSpot,English; Urdu; Hindi,masters,Marketing,Sample University (fictional),2008,,,,true,sales_business_development,Skill roadmap; Higher studies abroad; Interview preparation,career_changers; undergraduate_students,one_on_one; group,online,English; Urdu,4,weekly,1_month,true,true,true,true,false,false,false,true,false,true,false,true,true,free,0,,India,Delhi,New Delhi,,hybrid,true,false,Asia/Kolkata,friday; saturday,evening,available,2026-10-03,unknown,,,,,not_offered,,,,,mentorship; career_advice,false,false,test_environment_only,not_applicable,,unverified,none,,2026-10-03,synthetic_generator_v1,,2026-10-03,2026-10-03,SYNTHETIC TEST RECORD – not a real person; must never appear in public search results.
PRO-SAMPLE-0125,sample,sample_only,Sample Professional 0125,Sample 0125,[SAMPLE] Regional Sales Head – Channel sales,Synthetic test profile for application development. Represents a executive regional sales head in sales. Not a real person.,,,,,,,,in_platform_request,not_applicable,not_applicable,Sample Community Organisation (fictional),event_volunteer,Bengaluru,true,true,false,Regional Sales Head,Fictional Sales Company E (sample),Sales,sales_business_development,Channel sales,executive,25,27,full_time,employed,Fictional Previous Employer O (sample),Sales Executive,,,,Prospecting; Negotiation; CRM management,Mentoring; Negotiation; Teamwork,Salesforce; HubSpot,English; Urdu; Hindi,masters,Marketing,Sample University (fictional),2000,,,,true,sales_business_development,Higher studies abroad; Switching careers; Resume and LinkedIn profile,career_changers; undergraduate_students,one_on_one,online; in_person,English; Urdu,3,weekly,ongoing,true,false,false,false,false,false,false,false,false,false,false,true,true,free,0,,India,Karnataka,Bengaluru,,remote,true,true,Asia/Kolkata,weekdays; sunday,morning,available,2026-10-03,unknown,,,,,not_offered,,,,,mentorship; career_advice,false,false,test_environment_only,not_applicable,,unverified,none,,2026-10-03,synthetic_generator_v1,,2026-10-03,2026-10-03,SYNTHETIC TEST RECORD – not a real person; must never appear in public search results.
PRO-SAMPLE-0126,sample,sample_only,Sample Professional 0126,Sample 0126,[SAMPLE] Sales Executive – Key accounts,Synthetic test profile for application development. Represents a entry level sales executive in sales. Not a real person.,,,,,,,,in_platform_request,not_applicable,not_applicable,Sample Community Organisation (fictional),volunteer_mentor,Ahmedabad,true,true,true,Sales Executive,Fictional Sales Company F (sample),Sales,sales_business_development,Key accounts,entry_level,1,1,full_time,employed,,,,,,Prospecting; Negotiation; CRM management,Leadership; Problem solving; Communication,Salesforce; HubSpot,English; Urdu; Hindi,bachelors,Marketing,Sample University (fictional),2025,,,,true,sales_business_development,Switching careers; Freelancing basics; Scholarship applications,school_students; postgraduate_students,one_on_one,online,English; Urdu,5,weekly,1_month,true,true,false,true,false,false,false,true,false,false,false,false,true,free,0,,India,Gujarat,Ahmedabad,,remote,false,false,Asia/Kolkata,weekdays; sunday,afternoon,available,2026-10-03,unknown,,,,,not_offered,,,,,mentorship; career_advice,false,false,test_environment_only,not_applicable,,unverified,none,,2026-10-03,synthetic_generator_v1,,2026-10-03,2026-10-03,SYNTHETIC TEST RECORD – not a real person; must never appear in public search results.
PRO-SAMPLE-0127,sample,sample_only,Sample Professional 0127,Sample 0127,[SAMPLE] Business Development Manager – B2B sales,Synthetic test profile for application development. Represents a mid level business development manager in sales. Not a real person.,,,,,,,,in_platform_request,not_applicable,not_applicable,Sample Community Organisation (fictional),member,Patna,true,true,false,Business Development Manager,Fictional Sales Company G (sample),Sales,sales_business_development,B2B sales,mid_level,5,6,full_time,employed,Fictional Previous Employer Q (sample),Sales Executive,,,,Prospecting; Negotiation; CRM management,Communication; Public speaking; Teamwork,Salesforce; HubSpot,English; Urdu; Hindi,bachelors,Marketing,Sample University (fictional),2020,,,,true,sales_business_development,Resume and LinkedIn profile; Career planning; Skill roadmap,undergraduate_students; career_changers,one_on_one,online,English; Urdu,2,weekly,1_month,true,true,true,false,false,false,false,false,false,true,false,true,true,free,0,,India,Bihar,Patna,,onsite,true,false,Asia/Kolkata,weekdays; saturday,evening,available,2026-10-03,unknown,,,,,not_offered,,,,,mentorship; career_advice,false,false,test_environment_only,not_applicable,,unverified,none,,2026-10-03,synthetic_generator_v1,,2026-10-03,2026-10-03,SYNTHETIC TEST RECORD – not a real person; must never appear in public search results.
PRO-SAMPLE-0128,sample,sample_only,Sample Professional 0128,Sample 0128,[SAMPLE] Business Development Manager – Channel sales,Synthetic test profile for application development. Represents a senior business development manager in sales. Not a real person.,,,,,,,,in_platform_request,not_applicable,not_applicable,Sample Community Organisation (fictional),member,Toronto,true,true,true,Business Development Manager,Fictional Sales Company H (sample),Sales,sales_business_development,Channel sales,senior,13,15,full_time,employed,Fictional Previous Employer R (sample),Sales Executive,,,,Prospecting; Negotiation; CRM management,Communication; Negotiation; Problem solving,Salesforce; HubSpot,English,masters,Marketing,Sample University (fictional),2013,,,,true,sales_business_development,Freelancing basics; Resume and LinkedIn profile; Higher studies abroad,undergraduate_students; school_students,one_on_one,online; in_person,English,5,fortnightly,1_month,true,true,false,true,false,false,false,false,false,false,false,false,true,free,0,,Canada,Ontario,Toronto,,hybrid,true,true,America/Toronto,friday; weekdays,morning,available,2026-10-03,unknown,,,,,not_offered,,,,,mentorship; career_advice,false,false,test_environment_only,not_applicable,,unverified,none,,2026-10-03,synthetic_generator_v1,,2026-10-03,2026-10-03,SYNTHETIC TEST RECORD – not a real person; must never appear in public search results.
PRO-SAMPLE-0129,sample,sample_only,Sample Professional 0129,Sample 0129,[SAMPLE] Regional Sales Head – Key accounts,Synthetic test profile for application development. Represents a lead regional sales head in sales. Not a real person.,,,,,,,,in_platform_request,not_applicable,not_applicable,Sample Community Organisation (fictional),volunteer_mentor,New Delhi,true,true,true,Regional Sales Head,Fictional Sales Company I (sample),Sales,sales_business_development,Key accounts,lead,19,19,full_time,employed,Fictional Previous Employer S (sample),Sales Executive,,,,Prospecting; Negotiation; CRM management,Mentoring; Problem solving; Time management,Salesforce; HubSpot,English; Urdu; Hindi,masters,Marketing,Sample University (fictional),2007,,,,true,sales_business_development,Skill roadmap; First job search; Freelancing basics,women_returning_to_work; undergraduate_students,one_on_one,online; in_person,English; Urdu,4,weekly,1_month,true,false,true,false,false,true,false,true,true,false,false,false,true,free,0,,India,Delhi,New Delhi,,onsite,true,true,Asia/Kolkata,saturday; friday,morning,available,2026-10-03,unknown,,,,,not_offered,,,,,mentorship; career_advice,false,false,test_environment_only,not_applicable,,unverified,none,,2026-10-03,synthetic_generator_v1,,2026-10-03,2026-10-03,SYNTHETIC TEST RECORD – not a real person; must never appear in public search results.
PRO-SAMPLE-0130,sample,sample_only,Sample Professional 0130,Sample 0130,[SAMPLE] Regional Sales Head – B2B sales,Synthetic test profile for application development. Represents a executive regional sales head in sales. Not a real person.,,,,,,,,in_platform_request,not_applicable,not_applicable,Sample Community Organisation (fictional),member,Dubai,true,true,true,Regional Sales Head,Fictional Sales Company J (sample),Sales,sales_business_development,B2B sales,executive,26,27,full_time,employed,Fictional Previous Employer T (sample),Sales Executive,,,,Prospecting; Negotiation; CRM management,Time management; Leadership; Communication,Salesforce; HubSpot,English; Arabic,masters,Marketing,Sample University (fictional),2000,,,,true,sales_business_development,Starting a business; Switching careers; Career planning,school_students; fresh_graduates,one_on_one,online,English,1,fortnightly,1_month,true,true,true,false,false,true,false,true,true,true,false,true,true,free,0,,United Arab Emirates,Dubai,Dubai,,remote,true,false,Asia/Dubai,friday; saturday,evening,available,2026-10-03,unknown,,,,,not_offered,,,,,mentorship; career_advice,false,false,test_environment_only,not_applicable,,unverified,none,,2026-10-03,synthetic_generator_v1,,2026-10-03,2026-10-03,SYNTHETIC TEST RECORD – not a real person; must never appear in public search results.
PRO-SAMPLE-0131,sample,sample_only,Sample Professional 0131,Sample 0131,[SAMPLE] Marketing Executive – Performance marketing,Synthetic test profile for application development. Represents a entry level marketing executive in marketing. Not a real person.,,,,,,,,in_platform_request,not_applicable,not_applicable,Sample Community Organisation (fictional),member,Dubai,false,false,false,Marketing Executive,Fictional Marketing Company A (sample),Marketing,marketing_communications,Performance marketing,entry_level,1,1,full_time,employed,,,,,,SEO; Paid media; Content strategy,Communication; Teamwork; Public speaking,Google Analytics; Meta Ads Manager; Canva,English; Arabic,bachelors,Mass Communication,Sample University (fictional),2025,,,,false,,,,,,English,0,,,false,false,false,false,false,false,false,false,false,false,false,true,false,,,,United Arab Emirates,Dubai,Dubai,,onsite,false,false,Asia/Dubai,saturday; weekdays,evening,not_available,2026-10-03,unknown,,,,,not_offered,,,,,networking,false,false,test_environment_only,not_applicable,,unverified,none,,2026-10-03,synthetic_generator_v1,,2026-10-03,2026-10-03,SYNTHETIC TEST RECORD – not a real person; must never appear in public search results.
PRO-SAMPLE-0132,sample,sample_only,Sample Professional 0132,Sample 0132,[SAMPLE] Digital Marketing Manager – Content marketing,Synthetic test profile for application development. Represents a mid level digital marketing manager in marketing. Not a real person.,,,,,,,,in_platform_request,not_applicable,not_applicable,Sample Community Organisation (fictional),volunteer_mentor,Toronto,true,true,true,Digital Marketing Manager,Fictional Marketing Company B (sample),Marketing,marketing_communications,Content marketing,mid_level,6,8,full_time,employed,Fictional Previous Employer L (sample),Marketing Executive,,,,SEO; Paid media; Content strategy,Time management; Negotiation; Public speaking,Google Analytics; Meta Ads Manager; Canva,English,bachelors,Mass Communication,Sample University (fictional),2020,,,,true,marketing_communications,Skill roadmap; Freelancing basics; Interview preparation,early_career_professionals; postgraduate_students,one_on_one; group,online,English,5,monthly,ongoing,true,false,false,true,false,false,false,true,false,false,false,true,true,free,0,,Canada,Ontario,Toronto,,onsite,true,false,America/Toronto,friday; saturday,morning,available,2026-10-03,unknown,,,,,not_offered,,,,,mentorship; career_advice,false,false,test_environment_only,not_applicable,,unverified,none,,2026-10-03,synthetic_generator_v1,,2026-10-03,2026-10-03,SYNTHETIC TEST RECORD – not a real person; must never appear in public search results.
PRO-SAMPLE-0133,sample,sample_only,Sample Professional 0133,Sample 0133,[SAMPLE] Digital Marketing Manager – Brand management,Synthetic test profile for application development. Represents a senior digital marketing manager in marketing. Not a real person.,,,,,,,,in_platform_request,not_applicable,not_applicable,Sample Community Organisation (fictional),event_volunteer,Pune,false,true,true,Digital Marketing Manager,Fictional Marketing Company C (sample),Marketing,marketing_communications,Brand management,senior,12,12,full_time,employed,Fictional Previous Employer M (sample),Marketing Executive,,,,SEO; Paid media; Content strategy,Public speaking; Time management; Leadership,Google Analytics; Meta Ads Manager; Canva,English; Urdu; Hindi,masters,Mass Communication,Sample University (fictional),2014,,,,true,marketing_communications,Interview preparation; Resume and LinkedIn profile; Career planning,early_career_professionals; postgraduate_students,one_on_one,online,English; Urdu,5,monthly,3_months,true,true,false,true,false,false,false,false,false,true,false,true,true,free,0,,India,Maharashtra,Pune,,hybrid,true,false,Asia/Kolkata,friday; weekdays,morning,available,2026-10-03,unknown,,,,,not_offered,,,,,mentorship; career_advice,false,false,test_environment_only,not_applicable,,unverified,none,,2026-10-03,synthetic_generator_v1,,2026-10-03,2026-10-03,SYNTHETIC TEST RECORD – not a real person; must never appear in public search results.
PRO-SAMPLE-0134,sample,sample_only,Sample Professional 0134,Sample 0134,[SAMPLE] Head of Marketing – Performance marketing,Synthetic test profile for application development. Represents a lead head of marketing in marketing. Not a real person.,,,,,,,,in_platform_request,not_applicable,not_applicable,Sample Community Organisation (fictional),event_volunteer,London,false,true,false,Head of Marketing,Fictional Marketing Company D (sample),Marketing,marketing_communications,Performance marketing,lead,14,14,full_time,employed,Fictional Previous Employer N (sample),Marketing Executive,,,,SEO; Paid media; Content strategy,Mentoring; Leadership; Communication,Google Analytics; Meta Ads Manager; Canva,English,masters,Mass Communication,Sample University (fictional),2012,,,,true,marketing_communications,Scholarship applications; Freelancing basics; Skill roadmap,postgraduate_students; women_returning_to_work,one_on_one; group,online; in_person,English,2,weekly,6_months,true,false,false,true,false,false,false,true,true,false,false,true,true,free,0,,United Kingdom,England,London,,hybrid,true,true,Europe/London,saturday; sunday,morning,available,2026-10-03,unknown,,,,,not_offered,,,,,mentorship; career_advice,false,false,test_environment_only,not_applicable,,unverified,none,,2026-10-03,synthetic_generator_v1,,2026-10-03,2026-10-03,SYNTHETIC TEST RECORD – not a real person; must never appear in public search results.
PRO-SAMPLE-0135,sample,sample_only,Sample Professional 0135,Sample 0135,[SAMPLE] Head of Marketing – Content marketing,Synthetic test profile for application development. Represents a executive head of marketing in marketing. Not a real person.,,,,,,,,in_platform_request,not_applicable,not_applicable,Sample Community Organisation (fictional),volunteer_mentor,Lucknow,true,true,true,Head of Marketing,Fictional Marketing Company E (sample),Marketing,marketing_communications,Content marketing,executive,21,21,full_time,employed,Fictional Previous Employer O (sample),Marketing Executive,,,,SEO; Paid media; Content strategy,Public speaking; Negotiation; Leadership,Google Analytics; Meta Ads Manager; Canva,English; Urdu; Hindi,masters,Mass Communication,Sample University (fictional),2005,,,,true,marketing_communications,Career planning; Resume and LinkedIn profile; Switching careers,women_returning_to_work; postgraduate_students,one_on_one,online; in_person,English; Urdu,1,monthly,3_months,true,true,true,true,false,false,false,false,false,false,false,false,true,free,0,,India,Uttar Pradesh,Lucknow,,onsite,true,true,Asia/Kolkata,sunday; friday,afternoon,available,2026-10-03,unknown,,,,,not_offered,,,,,mentorship; career_advice,false,false,test_environment_only,not_applicable,,unverified,none,,2026-10-03,synthetic_generator_v1,,2026-10-03,2026-10-03,SYNTHETIC TEST RECORD – not a real person; must never appear in public search results.
PRO-SAMPLE-0136,sample,sample_only,Sample Professional 0136,Sample 0136,[SAMPLE] Marketing Executive – Brand management,Synthetic test profile for application development. Represents a entry level marketing executive in marketing. Not a real person.,,,,,,,,in_platform_request,not_applicable,not_applicable,Sample Community Organisation (fictional),event_volunteer,Kargil,true,false,false,Marketing Executive,Fictional Marketing Company F (sample),Marketing,marketing_communications,Brand management,entry_level,2,2,full_time,employed,,,,,,SEO; Paid media; Content strategy,Mentoring; Problem solving; Public speaking,Google Analytics; Meta Ads Manager; Canva,English; Urdu; Hindi,bachelors,Mass Communication,Sample University (fictional),2024,,,,false,,,,,,English; Urdu,0,,,false,false,false,false,false,false,false,false,false,false,false,true,false,,,,India,Ladakh,Kargil,,remote,false,false,Asia/Kolkata,sunday; saturday,morning,not_available,2026-10-03,unknown,,,,,not_offered,,,,,networking,false,false,test_environment_only,not_applicable,,unverified,none,,2026-10-03,synthetic_generator_v1,,2026-10-03,2026-10-03,SYNTHETIC TEST RECORD – not a real person; must never appear in public search results.
PRO-SAMPLE-0137,sample,sample_only,Sample Professional 0137,Sample 0137,[SAMPLE] Digital Marketing Manager – Performance marketing,Synthetic test profile for application development. Represents a mid level digital marketing manager in marketing. Not a real person.,,,,,,,,in_platform_request,not_applicable,not_applicable,Sample Community Organisation (fictional),member,Kolkata,true,true,true,Digital Marketing Manager,Fictional Marketing Company G (sample),Marketing,marketing_communications,Performance marketing,mid_level,7,9,full_time,employed,Fictional Previous Employer Q (sample),Marketing Executive,,,,SEO; Paid media; Content strategy,Communication; Public speaking; Time management,Google Analytics; Meta Ads Manager; Canva,English; Urdu; Hindi,bachelors,Mass Communication,Sample University (fictional),2018,,,,true,marketing_communications,Higher studies abroad; Resume and LinkedIn profile; First job search,career_changers; undergraduate_students,one_on_one; group,online,English; Urdu,3,monthly,3_months,true,false,true,true,false,false,false,false,false,true,false,true,true,free,0,,India,West Bengal,Kolkata,,onsite,false,false,Asia/Kolkata,weekdays; sunday,morning,available,2026-10-03,unknown,,,,,not_offered,,,,,mentorship; career_advice,false,false,test_environment_only,not_applicable,,unverified,none,,2026-10-03,synthetic_generator_v1,,2026-10-03,2026-10-03,SYNTHETIC TEST RECORD – not a real person; must never appear in public search results.
PRO-SAMPLE-0138,sample,sample_only,Sample Professional 0138,Sample 0138,[SAMPLE] Digital Marketing Manager – Content marketing,Synthetic test profile for application development. Represents a senior digital marketing manager in marketing. Not a real person.,,,,,,,,in_platform_request,not_applicable,not_applicable,Sample Community Organisation (fictional),member,Kargil,false,true,true,Digital Marketing Manager,Fictional Marketing Company H (sample),Marketing,marketing_communications,Content marketing,senior,14,16,full_time,employed,Fictional Previous Employer R (sample),Marketing Executive,,,,SEO; Paid media; Content strategy,Mentoring; Negotiation; Problem solving,Google Analytics; Meta Ads Manager; Canva,English; Urdu; Hindi,masters,Mass Communication,Sample University (fictional),2012,,,,true,marketing_communications,Career planning; Resume and LinkedIn profile; Freelancing basics,early_career_professionals; fresh_graduates,one_on_one,online,English; Urdu,5,monthly,ongoing,true,true,false,true,false,false,false,false,false,false,false,true,true,free,0,,India,Ladakh,Kargil,,remote,false,false,Asia/Kolkata,saturday; friday,evening,available,2026-10-03,unknown,,,,,not_offered,,,,,mentorship; career_advice,false,false,test_environment_only,not_applicable,,unverified,none,,2026-10-03,synthetic_generator_v1,,2026-10-03,2026-10-03,SYNTHETIC TEST RECORD – not a real person; must never appear in public search results.
PRO-SAMPLE-0139,sample,sample_only,Sample Professional 0139,Sample 0139,[SAMPLE] Head of Marketing – Brand management,Synthetic test profile for application development. Represents a lead head of marketing in marketing. Not a real person.,,,,,,,,in_platform_request,not_applicable,not_applicable,Sample Community Organisation (fictional),member,Pune,true,true,true,Head of Marketing,Fictional Marketing Company I (sample),Marketing,marketing_communications,Brand management,lead,16,18,full_time,employed,Fictional Previous Employer S (sample),Marketing Executive,,,,SEO; Paid media; Content strategy,Communication; Leadership; Mentoring,Google Analytics; Meta Ads Manager; Canva,English; Urdu; Hindi,masters,Mass Communication,Sample University (fictional),2010,,,,true,marketing_communications,Starting a business; First job search; Freelancing basics,undergraduate_students; fresh_graduates,one_on_one; group,online; in_person,English; Urdu,1,weekly,3_months,true,true,false,true,false,true,false,false,false,false,false,false,true,free,0,,India,Maharashtra,Pune,,hybrid,true,true,Asia/Kolkata,sunday; saturday,morning,available,2026-10-03,unknown,,,,,not_offered,,,,,mentorship; career_advice,false,false,test_environment_only,not_applicable,,unverified,none,,2026-10-03,synthetic_generator_v1,,2026-10-03,2026-10-03,SYNTHETIC TEST RECORD – not a real person; must never appear in public search results.
PRO-SAMPLE-0140,sample,sample_only,Sample Professional 0140,Sample 0140,[SAMPLE] Head of Marketing – Performance marketing,Synthetic test profile for application development. Represents a executive head of marketing in marketing. Not a real person.,,,,,,,,in_platform_request,not_applicable,not_applicable,Sample Community Organisation (fictional),volunteer_mentor,London,false,true,true,Head of Marketing,Fictional Marketing Company J (sample),Marketing,marketing_communications,Performance marketing,executive,24,25,full_time,employed,Fictional Previous Employer T (sample),Marketing Executive,,,,SEO; Paid media; Content strategy,Teamwork; Public speaking; Time management,Google Analytics; Meta Ads Manager; Canva,English,masters,Mass Communication,Sample University (fictional),2001,,,,true,marketing_communications,Interview preparation; First job search; Resume and LinkedIn profile,school_students; career_changers,one_on_one,online,English,5,fortnightly,1_month,true,true,false,true,false,true,false,false,false,false,false,true,true,free,0,,United Kingdom,England,London,,remote,true,false,Europe/London,sunday; friday,evening,available,2026-10-03,unknown,,,,,not_offered,,,,,mentorship; career_advice,false,false,test_environment_only,not_applicable,,unverified,none,,2026-10-03,synthetic_generator_v1,,2026-10-03,2026-10-03,SYNTHETIC TEST RECORD – not a real person; must never appear in public search results.
PRO-SAMPLE-0141,sample,sample_only,Sample Professional 0141,Sample 0141,[SAMPLE] Founder – EdTech,Synthetic test profile for application development. Represents a entry level founder in startups. Not a real person.,,,,,,,,in_platform_request,not_applicable,not_applicable,Sample Community Organisation (fictional),member,Kargil,true,true,true,Founder,Fictional Startups Company A (sample),Startups,entrepreneurship,EdTech,entry_level,1,1,self_employed,self_employed,,,,,,Business planning; Fundraising; Go-to-market,Problem solving; Public speaking; Communication,Notion; Google Workspace,English; Urdu; Hindi,bachelors,Business Administration,Sample University (fictional),2024,,,,true,entrepreneurship,Career planning; Freelancing basics; Higher studies abroad,undergraduate_students; postgraduate_students,one_on_one,online; in_person,English; Urdu,5,weekly,3_months,true,false,true,true,false,false,true,false,false,true,false,true,true,free,0,,India,Ladakh,Kargil,,remote,true,true,Asia/Kolkata,weekdays; saturday,morning,available,2026-10-03,unknown,,,,,not_offered,,,,,mentorship; career_advice,false,false,test_environment_only,not_applicable,,unverified,none,,2026-10-03,synthetic_generator_v1,,2026-10-03,2026-10-03,SYNTHETIC TEST RECORD – not a real person; must never appear in public search results.
PRO-SAMPLE-0142,sample,sample_only,Sample Professional 0142,Sample 0142,[SAMPLE] Co-founder and CEO – Food and retail,Synthetic test profile for application development. Represents a mid level co-founder and ceo in startups. Not a real person.,,,,,,,,in_platform_request,not_applicable,not_applicable,Sample Community Organisation (fictional),volunteer_mentor,Patna,true,true,true,Co-founder and CEO,Fictional Startups Company B (sample),Startups,entrepreneurship,Food and retail,mid_level,8,9,self_employed,self_employed,Fictional Previous Employer L (sample),Founder,,,,Business planning; Fundraising; Go-to-market,Teamwork; Mentoring; Negotiation,Notion; Google Workspace,English; Urdu; Hindi,bachelors,Business Administration,Sample University (fictional),2017,,,,true,entrepreneurship,Starting a business; Interview preparation; Skill roadmap,school_students; fresh_graduates,one_on_one; group,online; in_person,English; Urdu,1,weekly,1_month,true,true,true,true,false,true,true,false,false,true,false,false,true,free,0,,India,Bihar,Patna,,onsite,true,true,Asia/Kolkata,saturday; weekdays,morning,available,2026-10-03,unknown,,,,,not_offered,,,,,mentorship; career_advice,false,false,test_environment_only,not_applicable,,unverified,none,,2026-10-03,synthetic_generator_v1,,2026-10-03,2026-10-03,SYNTHETIC TEST RECORD – not a real person; must never appear in public search results.
PRO-SAMPLE-0143,sample,sample_only,Sample Professional 0143,Sample 0143,[SAMPLE] Co-founder and CEO – Social enterprise,Synthetic test profile for application development. Represents a senior co-founder and ceo in startups. Not a real person.,,,,,,,,in_platform_request,not_applicable,not_applicable,Sample Community Organisation (fictional),volunteer_mentor,Chennai,true,true,true,Co-founder and CEO,Fictional Startups Company C (sample),Startups,entrepreneurship,Social enterprise,senior,15,17,self_employed,self_employed,Fictional Previous Employer M (sample),Founder,,,,Business planning; Fundraising; Go-to-market,Public speaking; Time management; Communication,Notion; Google Workspace,English; Urdu; Hindi,masters,Business Administration,Sample University (fictional),2011,,,,true,entrepreneurship,First job search; Skill roadmap; Higher studies abroad,women_returning_to_work; fresh_graduates,one_on_one; group,online,English; Urdu,1,fortnightly,ongoing,true,true,false,true,false,false,true,false,true,true,false,false,true,free,0,,India,Tamil Nadu,Chennai,,remote,true,false,Asia/Kolkata,friday; saturday,morning,available,2026-10-03,unknown,,,,,not_offered,,,,,mentorship; career_advice,false,false,test_environment_only,not_applicable,,unverified,none,,2026-10-03,synthetic_generator_v1,,2026-10-03,2026-10-03,SYNTHETIC TEST RECORD – not a real person; must never appear in public search results.
PRO-SAMPLE-0144,sample,sample_only,Sample Professional 0144,Sample 0144,[SAMPLE] Serial Entrepreneur – EdTech,Synthetic test profile for application development. Represents a lead serial entrepreneur in startups. Not a real person.,,,,,,,,in_platform_request,not_applicable,not_applicable,Sample Community Organisation (fictional),member,London,false,true,true,Serial Entrepreneur,Fictional Startups Company D (sample),Startups,entrepreneurship,EdTech,lead,20,22,self_employed,self_employed,Fictional Previous Employer N (sample),Founder,,,,Business planning; Fundraising; Go-to-market,Problem solving; Negotiation; Mentoring,Notion; Google Workspace,English,masters,Business Administration,Sample University (fictional),2006,,,,true,entrepreneurship,Scholarship applications; Skill roadmap; First job search,postgraduate_students; early_career_professionals,one_on_one; group,online; in_person,English,5,weekly,ongoing,true,true,true,true,false,false,true,true,true,true,false,true,true,free,0,,United Kingdom,England,London,,hybrid,true,true,Europe/London,friday; weekdays,evening,available,2026-10-03,unknown,,,,,not_offered,,,,,mentorship; career_advice,false,false,test_environment_only,not_applicable,,unverified,none,,2026-10-03,synthetic_generator_v1,,2026-10-03,2026-10-03,SYNTHETIC TEST RECORD – not a real person; must never appear in public search results.
PRO-SAMPLE-0145,sample,sample_only,Sample Professional 0145,Sample 0145,[SAMPLE] Serial Entrepreneur – Food and retail,Synthetic test profile for application development. Represents a executive serial entrepreneur in startups. Not a real person.,,,,,,,,in_platform_request,not_applicable,not_applicable,Sample Community Organisation (fictional),member,Hyderabad,false,true,true,Serial Entrepreneur,Fictional Startups Company E (sample),Startups,entrepreneurship,Food and retail,executive,28,28,self_employed,self_employed,Fictional Previous Employer O (sample),Founder,,,,Business planning; Fundraising; Go-to-market,Time management; Leadership; Public speaking,Notion; Google Workspace,English; Urdu; Hindi,masters,Business Administration,Sample University (fictional),1997,,,,true,entrepreneurship,Skill roadmap; First job search; Resume and LinkedIn profile,career_changers; postgraduate_students,one_on_one; group,online,English; Urdu,4,weekly,ongoing,true,false,true,false,false,false,true,true,false,true,false,true,true,free,0,,India,Telangana,Hyderabad,,hybrid,false,false,Asia/Kolkata,weekdays; friday,evening,available,2026-10-03,unknown,,,,,not_offered,,,,,mentorship; career_advice,false,false,test_environment_only,not_applicable,,unverified,none,,2026-10-03,synthetic_generator_v1,,2026-10-03,2026-10-03,SYNTHETIC TEST RECORD – not a real person; must never appear in public search results.
PRO-SAMPLE-0146,sample,sample_only,Sample Professional 0146,Sample 0146,[SAMPLE] Founder – Social enterprise,Synthetic test profile for application development. Represents a entry level founder in startups. Not a real person.,,,,,,,,in_platform_request,not_applicable,not_applicable,Sample Community Organisation (fictional),volunteer_mentor,Toronto,false,false,true,Founder,Fictional Startups Company F (sample),Startups,entrepreneurship,Social enterprise,entry_level,1,1,self_employed,self_employed,,,,,,Business planning; Fundraising; Go-to-market,Public speaking; Teamwork; Problem solving,Notion; Google Workspace,English,bachelors,Business Administration,Sample University (fictional),2025,,,,false,,,,,,English,0,,,false,false,false,false,false,false,true,false,false,false,false,true,false,,,,Canada,Ontario,Toronto,,remote,false,false,America/Toronto,friday; weekdays,afternoon,not_available,2026-10-03,unknown,,,,,not_offered,,,,,networking,false,false,test_environment_only,not_applicable,,unverified,none,,2026-10-03,synthetic_generator_v1,,2026-10-03,2026-10-03,SYNTHETIC TEST RECORD – not a real person; must never appear in public search results.
PRO-SAMPLE-0147,sample,sample_only,Sample Professional 0147,Sample 0147,[SAMPLE] Co-founder and CEO – EdTech,Synthetic test profile for application development. Represents a mid level co-founder and ceo in startups. Not a real person.,,,,,,,,in_platform_request,not_applicable,not_applicable,Sample Community Organisation (fictional),volunteer_mentor,Srinagar,true,true,true,Co-founder and CEO,Fictional Startups Company G (sample),Startups,entrepreneurship,EdTech,mid_level,5,7,self_employed,self_employed,Fictional Previous Employer Q (sample),Founder,,,,Business planning; Fundraising; Go-to-market,Leadership; Problem solving; Communication,Notion; Google Workspace,English; Urdu; Hindi,bachelors,Business Administration,Sample University (fictional),2021,,,,true,entrepreneurship,Freelancing basics; Resume and LinkedIn profile; Higher studies abroad,women_returning_to_work; undergraduate_students,one_on_one; group,online,English; Urdu,4,fortnightly,3_months,true,true,true,false,false,false,true,false,false,false,false,true,true,free,0,,India,Jammu and Kashmir,Srinagar,,onsite,true,false,Asia/Kolkata,friday; saturday,afternoon,available,2026-10-03,unknown,,,,,not_offered,,,,,mentorship; career_advice,false,false,test_environment_only,not_applicable,,unverified,none,,2026-10-03,synthetic_generator_v1,,2026-10-03,2026-10-03,SYNTHETIC TEST RECORD – not a real person; must never appear in public search results.
PRO-SAMPLE-0148,sample,sample_only,Sample Professional 0148,Sample 0148,[SAMPLE] Co-founder and CEO – Food and retail,Synthetic test profile for application development. Represents a senior co-founder and ceo in startups. Not a real person.,,,,,,,,in_platform_request,not_applicable,not_applicable,Sample Community Organisation (fictional),volunteer_mentor,Chennai,false,true,false,Co-founder and CEO,Fictional Startups Company H (sample),Startups,entrepreneurship,Food and retail,senior,10,12,self_employed,self_employed,Fictional Previous Employer R (sample),Founder,,,,Business planning; Fundraising; Go-to-market,Time management; Leadership; Negotiation,Notion; Google Workspace,English; Urdu; Hindi,masters,Business Administration,Sample University (fictional),2016,,,,true,entrepreneurship,Higher studies abroad; Interview preparation; Starting a business,fresh_graduates; women_returning_to_work,one_on_one,online; in_person,English; Urdu,4,fortnightly,1_month,true,false,false,true,false,true,true,false,true,true,false,false,true,free,0,,India,Tamil Nadu,Chennai,,remote,true,true,Asia/Kolkata,sunday; weekdays,morning,available,2026-10-03,unknown,,,,,not_offered,,,,,mentorship; career_advice,false,false,test_environment_only,not_applicable,,unverified,none,,2026-10-03,synthetic_generator_v1,,2026-10-03,2026-10-03,SYNTHETIC TEST RECORD – not a real person; must never appear in public search results.
PRO-SAMPLE-0149,sample,sample_only,Sample Professional 0149,Sample 0149,[SAMPLE] Serial Entrepreneur – Social enterprise,Synthetic test profile for application development. Represents a lead serial entrepreneur in startups. Not a real person.,,,,,,,,in_platform_request,not_applicable,not_applicable,Sample Community Organisation (fictional),event_volunteer,London,true,true,false,Serial Entrepreneur,Fictional Startups Company I (sample),Startups,entrepreneurship,Social enterprise,lead,14,15,self_employed,self_employed,Fictional Previous Employer S (sample),Founder,,,,Business planning; Fundraising; Go-to-market,Time management; Public speaking; Teamwork,Notion; Google Workspace,English,masters,Business Administration,Sample University (fictional),2012,,,,true,entrepreneurship,Higher studies abroad; Switching careers; Resume and LinkedIn profile,career_changers; undergraduate_students,one_on_one,online; in_person,English,4,fortnightly,6_months,true,false,false,false,false,false,true,false,false,false,false,true,true,free,0,,United Kingdom,England,London,,remote,true,true,Europe/London,saturday; friday,morning,available,2026-10-03,unknown,,,,,not_offered,,,,,mentorship; career_advice,false,false,test_environment_only,not_applicable,,unverified,none,,2026-10-03,synthetic_generator_v1,,2026-10-03,2026-10-03,SYNTHETIC TEST RECORD – not a real person; must never appear in public search results.
PRO-SAMPLE-0150,sample,sample_only,Sample Professional 0150,Sample 0150,[SAMPLE] Serial Entrepreneur – EdTech,Synthetic test profile for application development. Represents a executive serial entrepreneur in startups. Not a real person.,,,,,,,,in_platform_request,not_applicable,not_applicable,Sample Community Organisation (fictional),member,Bengaluru,false,true,true,Serial Entrepreneur,Fictional Startups Company J (sample),Startups,entrepreneurship,EdTech,executive,21,23,self_employed,self_employed,Fictional Previous Employer T (sample),Founder,,,,Business planning; Fundraising; Go-to-market,Public speaking; Mentoring; Time management,Notion; Google Workspace,English; Urdu; Hindi,masters,Business Administration,Sample University (fictional),2004,,,,true,entrepreneurship,Resume and LinkedIn profile; Career planning; Starting a business,postgraduate_students; career_changers,one_on_one,online,English; Urdu,1,weekly,ongoing,true,false,false,true,false,false,true,true,false,false,false,true,true,free,0,,India,Karnataka,Bengaluru,,onsite,true,false,Asia/Kolkata,friday; sunday,afternoon,available,2026-10-03,unknown,,,,,not_offered,,,,,mentorship; career_advice,false,false,test_environment_only,not_applicable,,unverified,none,,2026-10-03,synthetic_generator_v1,,2026-10-03,2026-10-03,SYNTHETIC TEST RECORD – not a real person; must never appear in public search results.
PRO-SAMPLE-0151,sample,sample_only,Sample Professional 0151,Sample 0151,[SAMPLE] Site Engineer – Structural design,Synthetic test profile for application development. Represents a entry level site engineer in engineering. Not a real person.,,,,,,,,in_platform_request,not_applicable,not_applicable,Sample Community Organisation (fictional),event_volunteer,London,true,false,true,Site Engineer,Fictional Engineering Company A (sample),Engineering,core_engineering,Structural design,entry_level,1,1,full_time,employed,,,,,,CAD; Design calculations; Quality control,Problem solving; Negotiation; Mentoring,AutoCAD; SolidWorks; ETABS,English,bachelors,Civil Engineering,Sample University (fictional),2024,,,,false,,,,,,English,0,,,false,false,false,false,false,false,false,false,false,false,false,true,false,,,,United Kingdom,England,London,,hybrid,false,false,Europe/London,saturday; weekdays,morning,not_available,2026-10-03,unknown,,,,,not_offered,,,,,networking,false,false,test_environment_only,not_applicable,,unverified,none,,2026-10-03,synthetic_generator_v1,,2026-10-03,2026-10-03,SYNTHETIC TEST RECORD – not a real person; must never appear in public search results.
PRO-SAMPLE-0152,sample,sample_only,Sample Professional 0152,Sample 0152,[SAMPLE] Senior Design Engineer – Mechanical design,Synthetic test profile for application development. Represents a mid level senior design engineer in engineering. Not a real person.,,,,,,,,in_platform_request,not_applicable,not_applicable,Sample Community Organisation (fictional),volunteer_mentor,New Delhi,true,true,true,Senior Design Engineer,Fictional Engineering Company B (sample),Engineering,core_engineering,Mechanical design,mid_level,6,6,full_time,employed,Fictional Previous Employer L (sample),Site Engineer,,,,CAD; Design calculations; Quality control,Negotiation; Teamwork; Leadership,AutoCAD; SolidWorks; ETABS,English; Urdu; Hindi,bachelors,Civil Engineering,Sample University (fictional),2019,,,,true,core_engineering,Higher studies abroad; Freelancing basics; Skill roadmap,undergraduate_students; postgraduate_students,one_on_one,online,English; Urdu,3,weekly,1_month,true,true,true,true,false,true,false,false,false,true,false,false,true,free,0,,India,Delhi,New Delhi,,onsite,false,false,Asia/Kolkata,saturday; sunday,evening,available,2026-10-03,unknown,,,,,not_offered,,,,,mentorship; career_advice,false,false,test_environment_only,not_applicable,,unverified,none,,2026-10-03,synthetic_generator_v1,,2026-10-03,2026-10-03,SYNTHETIC TEST RECORD – not a real person; must never appear in public search results.
PRO-SAMPLE-0153,sample,sample_only,Sample Professional 0153,Sample 0153,[SAMPLE] Senior Design Engineer – Electrical systems,Synthetic test profile for application development. Represents a senior senior design engineer in engineering. Not a real person.,,,,,,,,in_platform_request,not_applicable,not_applicable,Sample Community Organisation (fictional),volunteer_mentor,Toronto,true,true,true,Senior Design Engineer,Fictional Engineering Company C (sample),Engineering,core_engineering,Electrical systems,senior,13,15,full_time,employed,Fictional Previous Employer M (sample),Site Engineer,,,,CAD; Design calculations; Quality control,Mentoring; Negotiation; Time management,AutoCAD; SolidWorks; ETABS,English,masters,Civil Engineering,Sample University (fictional),2012,,,,true,core_engineering,Scholarship applications; Interview preparation; Switching careers,school_students; fresh_graduates,one_on_one; group,online,English,3,weekly,3_months,true,false,true,true,false,false,false,false,false,false,false,true,true,free,0,,Canada,Ontario,Toronto,,hybrid,true,false,America/Toronto,sunday; weekdays,morning,available,2026-10-03,unknown,,,,,not_offered,,,,,mentorship; career_advice,false,false,test_environment_only,not_applicable,,unverified,none,,2026-10-03,synthetic_generator_v1,,2026-10-03,2026-10-03,SYNTHETIC TEST RECORD – not a real person; must never appear in public search results.
PRO-SAMPLE-0154,sample,sample_only,Sample Professional 0154,Sample 0154,[SAMPLE] Engineering Manager – Structural design,Synthetic test profile for application development. Represents a lead engineering manager in engineering. Not a real person.,,,,,,,,in_platform_request,not_applicable,not_applicable,Sample Community Organisation (fictional),member,Bengaluru,true,true,true,Engineering Manager,Fictional Engineering Company D (sample),Engineering,core_engineering,Structural design,lead,17,17,full_time,employed,Fictional Previous Employer N (sample),Site Engineer,,,,CAD; Design calculations; Quality control,Time management; Public speaking; Mentoring,AutoCAD; SolidWorks; ETABS,English; Urdu; Hindi,masters,Civil Engineering,Sample University (fictional),2009,,,,true,core_engineering,Interview preparation; Higher studies abroad; Skill roadmap,school_students; postgraduate_students,one_on_one,online,English; Urdu,3,fortnightly,6_months,true,false,true,true,false,false,false,true,false,true,false,false,true,free,0,,India,Karnataka,Bengaluru,,onsite,true,false,Asia/Kolkata,saturday; sunday,morning,available,2026-10-03,unknown,,,,,not_offered,,,,,mentorship; career_advice,false,false,test_environment_only,not_applicable,,unverified,none,,2026-10-03,synthetic_generator_v1,,2026-10-03,2026-10-03,SYNTHETIC TEST RECORD – not a real person; must never appear in public search results.
PRO-SAMPLE-0155,sample,sample_only,Sample Professional 0155,Sample 0155,[SAMPLE] Engineering Manager – Mechanical design,Synthetic test profile for application development. Represents a executive engineering manager in engineering. Not a real person.,,,,,,,,in_platform_request,not_applicable,not_applicable,Sample Community Organisation (fictional),event_volunteer,Kolkata,true,true,true,Engineering Manager,Fictional Engineering Company E (sample),Engineering,core_engineering,Mechanical design,executive,25,25,full_time,employed,Fictional Previous Employer O (sample),Site Engineer,,,,CAD; Design calculations; Quality control,Time management; Leadership; Communication,AutoCAD; SolidWorks; ETABS,English; Urdu; Hindi,masters,Civil Engineering,Sample University (fictional),2000,,,,true,core_engineering,First job search; Freelancing basics; Switching careers,early_career_professionals; women_returning_to_work,one_on_one,online,English; Urdu,4,monthly,3_months,true,true,true,true,false,true,false,true,false,false,false,false,true,free,0,,India,West Bengal,Kolkata,,onsite,false,false,Asia/Kolkata,friday; weekdays,evening,available,2026-10-03,unknown,,,,,not_offered,,,,,mentorship; career_advice,false,false,test_environment_only,not_applicable,,unverified,none,,2026-10-03,synthetic_generator_v1,,2026-10-03,2026-10-03,SYNTHETIC TEST RECORD – not a real person; must never appear in public search results.
PRO-SAMPLE-0156,sample,sample_only,Sample Professional 0156,Sample 0156,[SAMPLE] Site Engineer – Electrical systems,Synthetic test profile for application development. Represents a entry level site engineer in engineering. Not a real person.,,,,,,,,in_platform_request,not_applicable,not_applicable,Sample Community Organisation (fictional),member,Pune,true,false,true,Site Engineer,Fictional Engineering Company F (sample),Engineering,core_engineering,Electrical systems,entry_level,1,1,full_time,employed,,,,,,CAD; Design calculations; Quality control,Leadership; Teamwork; Communication,AutoCAD; SolidWorks; ETABS,English; Urdu; Hindi,bachelors,Civil Engineering,Sample University (fictional),2024,,,,false,,,,,,English; Urdu,0,,,false,false,false,false,false,false,false,false,false,false,false,true,false,,,,India,Maharashtra,Pune,,onsite,false,false,Asia/Kolkata,saturday; friday,afternoon,not_available,2026-10-03,unknown,,,,,not_offered,,,,,networking,false,false,test_environment_only,not_applicable,,unverified,none,,2026-10-03,synthetic_generator_v1,,2026-10-03,2026-10-03,SYNTHETIC TEST RECORD – not a real person; must never appear in public search results.
PRO-SAMPLE-0157,sample,sample_only,Sample Professional 0157,Sample 0157,[SAMPLE] Senior Design Engineer – Structural design,Synthetic test profile for application development. Represents a mid level senior design engineer in engineering. Not a real person.,,,,,,,,in_platform_request,not_applicable,not_applicable,Sample Community Organisation (fictional),volunteer_mentor,New Delhi,true,true,true,Senior Design Engineer,Fictional Engineering Company G (sample),Engineering,core_engineering,Structural design,mid_level,8,10,full_time,employed,Fictional Previous Employer Q (sample),Site Engineer,,,,CAD; Design calculations; Quality control,Communication; Problem solving; Teamwork,AutoCAD; SolidWorks; ETABS,English; Urdu; Hindi,bachelors,Civil Engineering,Sample University (fictional),2017,,,,true,core_engineering,Interview preparation; Resume and LinkedIn profile; Switching careers,early_career_professionals; fresh_graduates,one_on_one,online,English; Urdu,4,weekly,ongoing,true,false,false,false,false,false,false,false,false,false,false,true,true,free,0,,India,Delhi,New Delhi,,onsite,true,false,Asia/Kolkata,sunday; saturday,morning,available,2026-10-03,unknown,,,,,not_offered,,,,,mentorship; career_advice,false,false,test_environment_only,not_applicable,,unverified,none,,2026-10-03,synthetic_generator_v1,,2026-10-03,2026-10-03,SYNTHETIC TEST RECORD – not a real person; must never appear in public search results.
PRO-SAMPLE-0158,sample,sample_only,Sample Professional 0158,Sample 0158,[SAMPLE] Senior Design Engineer – Mechanical design,Synthetic test profile for application development. Represents a senior senior design engineer in engineering. Not a real person.,,,,,,,,in_platform_request,not_applicable,not_applicable,Sample Community Organisation (fictional),volunteer_mentor,Bengaluru,true,true,true,Senior Design Engineer,Fictional Engineering Company H (sample),Engineering,core_engineering,Mechanical design,senior,14,14,full_time,employed,Fictional Previous Employer R (sample),Site Engineer,,,,CAD; Design calculations; Quality control,Negotiation; Problem solving; Communication,AutoCAD; SolidWorks; ETABS,English; Urdu; Hindi,masters,Civil Engineering,Sample University (fictional),2011,,,,true,core_engineering,First job search; Interview preparation; Switching careers,early_career_professionals; career_changers,one_on_one; group,online,English; Urdu,1,weekly,1_month,true,false,true,true,false,false,false,true,true,true,false,true,true,free,0,,India,Karnataka,Bengaluru,,onsite,true,false,Asia/Kolkata,sunday; weekdays,afternoon,available,2026-10-03,unknown,,,,,not_offered,,,,,mentorship; career_advice,false,false,test_environment_only,not_applicable,,unverified,none,,2026-10-03,synthetic_generator_v1,,2026-10-03,2026-10-03,SYNTHETIC TEST RECORD – not a real person; must never appear in public search results.
PRO-SAMPLE-0159,sample,sample_only,Sample Professional 0159,Sample 0159,[SAMPLE] Engineering Manager – Electrical systems,Synthetic test profile for application development. Represents a lead engineering manager in engineering. Not a real person.,,,,,,,,in_platform_request,not_applicable,not_applicable,Sample Community Organisation (fictional),event_volunteer,New Delhi,true,true,true,Engineering Manager,Fictional Engineering Company I (sample),Engineering,core_engineering,Electrical systems,lead,18,20,full_time,employed,Fictional Previous Employer S (sample),Site Engineer,,,,CAD; Design calculations; Quality control,Communication; Leadership; Negotiation,AutoCAD; SolidWorks; ETABS,English; Urdu; Hindi,masters,Civil Engineering,Sample University (fictional),2007,,,,true,core_engineering,Higher studies abroad; Freelancing basics; Interview preparation,women_returning_to_work; fresh_graduates,one_on_one,online; in_person,English; Urdu,1,weekly,3_months,true,true,true,true,false,true,false,false,false,true,false,true,true,free,0,,India,Delhi,New Delhi,,remote,true,true,Asia/Kolkata,sunday; weekdays,evening,available,2026-10-03,unknown,,,,,not_offered,,,,,mentorship; career_advice,false,false,test_environment_only,not_applicable,,unverified,none,,2026-10-03,synthetic_generator_v1,,2026-10-03,2026-10-03,SYNTHETIC TEST RECORD – not a real person; must never appear in public search results.
PRO-SAMPLE-0160,sample,sample_only,Sample Professional 0160,Sample 0160,[SAMPLE] Engineering Manager – Structural design,Synthetic test profile for application development. Represents a executive engineering manager in engineering. Not a real person.,,,,,,,,in_platform_request,not_applicable,not_applicable,Sample Community Organisation (fictional),event_volunteer,Lucknow,true,true,true,Engineering Manager,Fictional Engineering Company J (sample),Engineering,core_engineering,Structural design,executive,23,25,full_time,employed,Fictional Previous Employer T (sample),Site Engineer,,,,CAD; Design calculations; Quality control,Communication; Leadership; Time management,AutoCAD; SolidWorks; ETABS,English; Urdu; Hindi,masters,Civil Engineering,Sample University (fictional),2002,,,,true,core_engineering,Switching careers; Scholarship applications; Skill roadmap,school_students; undergraduate_students,one_on_one; group,online,English; Urdu,4,fortnightly,6_months,true,true,true,false,false,false,false,true,true,false,false,true,true,free,0,,India,Uttar Pradesh,Lucknow,,remote,true,false,Asia/Kolkata,saturday; sunday,afternoon,available,2026-10-03,unknown,,,,,not_offered,,,,,mentorship; career_advice,false,false,test_environment_only,not_applicable,,unverified,none,,2026-10-03,synthetic_generator_v1,,2026-10-03,2026-10-03,SYNTHETIC TEST RECORD – not a real person; must never appear in public search results.
PRO-SAMPLE-0161,sample,sample_only,Sample Professional 0161,Sample 0161,[SAMPLE] Junior Architect – Residential design,Synthetic test profile for application development. Represents a entry level junior architect in architecture. Not a real person.,,,,,,,,in_platform_request,not_applicable,not_applicable,Sample Community Organisation (fictional),member,Bengaluru,false,false,true,Junior Architect,Fictional Architecture Company A (sample),Architecture,architecture_design,Residential design,entry_level,3,3,full_time,employed,,,,,,Architectural design; Building codes; 3D visualisation,Time management; Negotiation; Mentoring,Revit; SketchUp; AutoCAD,English; Urdu; Hindi,bachelors,Architecture,Sample University (fictional),2023,,,,false,,,,,,English; Urdu,0,,,false,false,false,false,false,false,false,false,false,false,false,false,false,,,,India,Karnataka,Bengaluru,,remote,false,false,Asia/Kolkata,friday; sunday,morning,not_available,2026-10-03,unknown,,,,,not_offered,,,,,networking,false,false,test_environment_only,not_applicable,,unverified,none,,2026-10-03,synthetic_generator_v1,,2026-10-03,2026-10-03,SYNTHETIC TEST RECORD – not a real person; must never appear in public search results.
PRO-SAMPLE-0162,sample,sample_only,Sample Professional 0162,Sample 0162,[SAMPLE] Architect – Urban design,Synthetic test profile for application development. Represents a mid level architect in architecture. Not a real person.,,,,,,,,in_platform_request,not_applicable,not_applicable,Sample Community Organisation (fictional),member,Bengaluru,true,true,false,Architect,Fictional Architecture Company B (sample),Architecture,architecture_design,Urban design,mid_level,4,5,full_time,employed,Fictional Previous Employer L (sample),Junior Architect,,,,Architectural design; Building codes; 3D visualisation,Time management; Mentoring; Negotiation,Revit; SketchUp; AutoCAD,English; Urdu; Hindi,bachelors,Architecture,Sample University (fictional),2022,,,,true,architecture_design,First job search; Freelancing basics; Switching careers,women_returning_to_work; postgraduate_students,one_on_one,online; in_person,English; Urdu,2,fortnightly,ongoing,true,true,false,false,true,true,false,false,false,false,false,true,true,free,0,,India,Karnataka,Bengaluru,,onsite,false,true,Asia/Kolkata,weekdays; sunday,morning,available,2026-10-03,unknown,,,,,not_offered,,,,,mentorship; career_advice,false,false,test_environment_only,not_applicable,,unverified,none,,2026-10-03,synthetic_generator_v1,,2026-10-03,2026-10-03,SYNTHETIC TEST RECORD – not a real person; must never appear in public search results.
PRO-SAMPLE-0163,sample,sample_only,Sample Professional 0163,Sample 0163,[SAMPLE] Architect – Interior architecture,Synthetic test profile for application development. Represents a senior architect in architecture. Not a real person.,,,,,,,,in_platform_request,not_applicable,not_applicable,Sample Community Organisation (fictional),member,London,false,true,true,Architect,Fictional Architecture Company C (sample),Architecture,architecture_design,Interior architecture,senior,12,12,full_time,employed,Fictional Previous Employer M (sample),Junior Architect,,,,Architectural design; Building codes; 3D visualisation,Negotiation; Public speaking; Problem solving,Revit; SketchUp; AutoCAD,English,masters,Architecture,Sample University (fictional),2013,,,,true,architecture_design,Starting a business; Interview preparation; Switching careers,undergraduate_students; women_returning_to_work,one_on_one; group,online,English,2,monthly,ongoing,true,false,true,true,true,false,false,false,true,true,false,true,true,free,0,,United Kingdom,England,London,,onsite,true,false,Europe/London,sunday; weekdays,evening,available,2026-10-03,unknown,,,,,not_offered,,,,,mentorship; career_advice,false,false,test_environment_only,not_applicable,,unverified,none,,2026-10-03,synthetic_generator_v1,,2026-10-03,2026-10-03,SYNTHETIC TEST RECORD – not a real person; must never appear in public search results.
PRO-SAMPLE-0164,sample,sample_only,Sample Professional 0164,Sample 0164,[SAMPLE] Principal Architect – Residential design,Synthetic test profile for application development. Represents a lead principal architect in architecture. Not a real person.,,,,,,,,in_platform_request,not_applicable,not_applicable,Sample Community Organisation (fictional),member,Ahmedabad,true,true,false,Principal Architect,Fictional Architecture Company D (sample),Architecture,architecture_design,Residential design,lead,18,20,full_time,employed,Fictional Previous Employer N (sample),Junior Architect,,,,Architectural design; Building codes; 3D visualisation,Teamwork; Public speaking; Mentoring,Revit; SketchUp; AutoCAD,English; Urdu; Hindi,masters,Architecture,Sample University (fictional),2007,,,,true,architecture_design,Skill roadmap; Scholarship applications; Freelancing basics,career_changers; fresh_graduates,one_on_one,online,English; Urdu,1,fortnightly,3_months,true,true,true,true,true,false,false,true,false,true,false,true,true,free,0,,India,Gujarat,Ahmedabad,,remote,false,false,Asia/Kolkata,sunday; friday,evening,available,2026-10-03,unknown,,,,,not_offered,,,,,mentorship; career_advice,false,false,test_environment_only,not_applicable,,unverified,none,,2026-10-03,synthetic_generator_v1,,2026-10-03,2026-10-03,SYNTHETIC TEST RECORD – not a real person; must never appear in public search results.
PRO-SAMPLE-0165,sample,sample_only,Sample Professional 0165,Sample 0165,[SAMPLE] Principal Architect – Urban design,Synthetic test profile for application development. Represents a executive principal architect in architecture. Not a real person.,,,,,,,,in_platform_request,not_applicable,not_applicable,Sample Community Organisation (fictional),volunteer_mentor,Toronto,true,true,true,Principal Architect,Fictional Architecture Company E (sample),Architecture,architecture_design,Urban design,executive,22,23,full_time,employed,Fictional Previous Employer O (sample),Junior Architect,,,,Architectural design; Building codes; 3D visualisation,Communication; Negotiation; Teamwork,Revit; SketchUp; AutoCAD,English,masters,Architecture,Sample University (fictional),2003,,,,true,architecture_design,First job search; Freelancing basics; Resume and LinkedIn profile,women_returning_to_work; fresh_graduates,one_on_one,online; in_person,English,5,weekly,1_month,true,true,false,true,true,false,false,true,false,true,false,true,true,free,0,,Canada,Ontario,Toronto,,onsite,true,true,America/Toronto,sunday; friday,morning,available,2026-10-03,unknown,,,,,not_offered,,,,,mentorship; career_advice,false,false,test_environment_only,not_applicable,,unverified,none,,2026-10-03,synthetic_generator_v1,,2026-10-03,2026-10-03,SYNTHETIC TEST RECORD – not a real person; must never appear in public search results.
PRO-SAMPLE-0166,sample,sample_only,Sample Professional 0166,Sample 0166,[SAMPLE] Junior Architect – Interior architecture,Synthetic test profile for application development. Represents a entry level junior architect in architecture. Not a real person.,,,,,,,,in_platform_request,not_applicable,not_applicable,Sample Community Organisation (fictional),volunteer_mentor,Ahmedabad,true,false,false,Junior Architect,Fictional Architecture Company F (sample),Architecture,architecture_design,Interior architecture,entry_level,2,2,full_time,employed,,,,,,Architectural design; Building codes; 3D visualisation,Communication; Problem solving; Public speaking,Revit; SketchUp; AutoCAD,English; Urdu; Hindi,bachelors,Architecture,Sample University (fictional),2023,,,,false,,,,,,English; Urdu,0,,,false,false,false,false,false,false,false,false,false,false,false,true,false,,,,India,Gujarat,Ahmedabad,,onsite,false,false,Asia/Kolkata,weekdays; friday,evening,not_available,2026-10-03,unknown,,,,,not_offered,,,,,networking,false,false,test_environment_only,not_applicable,,unverified,none,,2026-10-03,synthetic_generator_v1,,2026-10-03,2026-10-03,SYNTHETIC TEST RECORD – not a real person; must never appear in public search results.
PRO-SAMPLE-0167,sample,sample_only,Sample Professional 0167,Sample 0167,[SAMPLE] Architect – Residential design,Synthetic test profile for application development. Represents a mid level architect in architecture. Not a real person.,,,,,,,,in_platform_request,not_applicable,not_applicable,Sample Community Organisation (fictional),event_volunteer,Kargil,true,true,true,Architect,Fictional Architecture Company G (sample),Architecture,architecture_design,Residential design,mid_level,9,11,full_time,employed,Fictional Previous Employer Q (sample),Junior Architect,,,,Architectural design; Building codes; 3D visualisation,Teamwork; Negotiation; Mentoring,Revit; SketchUp; AutoCAD,English; Urdu; Hindi,bachelors,Architecture,Sample University (fictional),2017,,,,true,architecture_design,Resume and LinkedIn profile; Starting a business; Interview preparation,fresh_graduates; undergraduate_students,one_on_one,online; in_person,English; Urdu,4,monthly,3_months,true,false,false,false,true,false,false,false,true,false,false,true,true,free,0,,India,Ladakh,Kargil,,onsite,true,true,Asia/Kolkata,sunday; weekdays,evening,available,2026-10-03,unknown,,,,,not_offered,,,,,mentorship; career_advice,false,false,test_environment_only,not_applicable,,unverified,none,,2026-10-03,synthetic_generator_v1,,2026-10-03,2026-10-03,SYNTHETIC TEST RECORD – not a real person; must never appear in public search results.
PRO-SAMPLE-0168,sample,sample_only,Sample Professional 0168,Sample 0168,[SAMPLE] Architect – Urban design,Synthetic test profile for application development. Represents a senior architect in architecture. Not a real person.,,,,,,,,in_platform_request,not_applicable,not_applicable,Sample Community Organisation (fictional),event_volunteer,Chennai,true,true,true,Architect,Fictional Architecture Company H (sample),Architecture,architecture_design,Urban design,senior,10,11,full_time,employed,Fictional Previous Employer R (sample),Junior Architect,,,,Architectural design; Building codes; 3D visualisation,Mentoring; Public speaking; Teamwork,Revit; SketchUp; AutoCAD,English; Urdu; Hindi,masters,Architecture,Sample University (fictional),2016,,,,true,architecture_design,Scholarship applications; Starting a business; Higher studies abroad,women_returning_to_work; early_career_professionals,one_on_one; group,online; in_person,English; Urdu,3,monthly,6_months,true,true,false,false,true,false,false,false,false,true,false,true,true,free,0,,India,Tamil Nadu,Chennai,,hybrid,true,true,Asia/Kolkata,sunday; friday,morning,available,2026-10-03,unknown,,,,,not_offered,,,,,mentorship; career_advice,false,false,test_environment_only,not_applicable,,unverified,none,,2026-10-03,synthetic_generator_v1,,2026-10-03,2026-10-03,SYNTHETIC TEST RECORD – not a real person; must never appear in public search results.
PRO-SAMPLE-0169,sample,sample_only,Sample Professional 0169,Sample 0169,[SAMPLE] Principal Architect – Interior architecture,Synthetic test profile for application development. Represents a lead principal architect in architecture. Not a real person.,,,,,,,,in_platform_request,not_applicable,not_applicable,Sample Community Organisation (fictional),member,Srinagar,false,true,false,Principal Architect,Fictional Architecture Company I (sample),Architecture,architecture_design,Interior architecture,lead,16,16,full_time,employed,Fictional Previous Employer S (sample),Junior Architect,,,,Architectural design; Building codes; 3D visualisation,Communication; Leadership; Mentoring,Revit; SketchUp; AutoCAD,English; Urdu; Hindi,masters,Architecture,Sample University (fictional),2009,,,,true,architecture_design,Higher studies abroad; Interview preparation; First job search,early_career_professionals; school_students,one_on_one; group,online; in_person,English; Urdu,1,weekly,ongoing,true,true,false,true,true,false,false,false,true,false,false,false,true,free,0,,India,Jammu and Kashmir,Srinagar,,onsite,true,true,Asia/Kolkata,saturday; sunday,evening,available,2026-10-03,unknown,,,,,not_offered,,,,,mentorship; career_advice,false,false,test_environment_only,not_applicable,,unverified,none,,2026-10-03,synthetic_generator_v1,,2026-10-03,2026-10-03,SYNTHETIC TEST RECORD – not a real person; must never appear in public search results.
PRO-SAMPLE-0170,sample,sample_only,Sample Professional 0170,Sample 0170,[SAMPLE] Principal Architect – Residential design,Synthetic test profile for application development. Represents a executive principal architect in architecture. Not a real person.,,,,,,,,in_platform_request,not_applicable,not_applicable,Sample Community Organisation (fictional),volunteer_mentor,Kargil,true,true,true,Principal Architect,Fictional Architecture Company J (sample),Architecture,architecture_design,Residential design,executive,20,22,full_time,employed,Fictional Previous Employer T (sample),Junior Architect,,,,Architectural design; Building codes; 3D visualisation,Negotiation; Communication; Mentoring,Revit; SketchUp; AutoCAD,English; Urdu; Hindi,masters,Architecture,Sample University (fictional),2006,,,,true,architecture_design,Higher studies abroad; Starting a business; Interview preparation,undergraduate_students; school_students,one_on_one; group,online; in_person,English; Urdu,3,weekly,3_months,true,true,false,true,true,false,false,false,false,true,false,true,true,free,0,,India,Ladakh,Kargil,,hybrid,false,true,Asia/Kolkata,sunday; saturday,morning,available,2026-10-03,unknown,,,,,not_offered,,,,,mentorship; career_advice,false,false,test_environment_only,not_applicable,,unverified,none,,2026-10-03,synthetic_generator_v1,,2026-10-03,2026-10-03,SYNTHETIC TEST RECORD – not a real person; must never appear in public search results.
PRO-SAMPLE-0171,sample,sample_only,Sample Professional 0171,Sample 0171,[SAMPLE] Staff Nurse – Clinical care,Synthetic test profile for application development. Represents a entry level staff nurse in healthcare. Not a real person.,,,,,,,,in_platform_request,not_applicable,not_applicable,Sample Community Organisation (fictional),event_volunteer,Chennai,false,true,true,Staff Nurse,Fictional Healthcare Company A (sample),Healthcare,healthcare,Clinical care,entry_level,2,2,full_time,employed,,,,,,Patient care; Clinical documentation; Health administration,Mentoring; Negotiation; Problem solving,Hospital information systems,English; Urdu; Hindi,bachelors,Nursing,Sample University (fictional),2024,,,,true,healthcare,Skill roadmap; Higher studies abroad; Scholarship applications,postgraduate_students; early_career_professionals,one_on_one,online,English; Urdu,2,monthly,ongoing,true,false,false,true,false,false,false,false,true,false,false,true,true,free,0,,India,Tamil Nadu,Chennai,,hybrid,true,false,Asia/Kolkata,weekdays; sunday,evening,available,2026-10-03,unknown,,,,,not_offered,,,,,mentorship; career_advice,false,false,test_environment_only,not_applicable,,unverified,none,,2026-10-03,synthetic_generator_v1,,2026-10-03,2026-10-03,SYNTHETIC TEST RECORD – not a real person; must never appear in public search results.
PRO-SAMPLE-0172,sample,sample_only,Sample Professional 0172,Sample 0172,[SAMPLE] Physiotherapist – Rehabilitation,Synthetic test profile for application development. Represents a mid level physiotherapist in healthcare. Not a real person.,,,,,,,,in_platform_request,not_applicable,not_applicable,Sample Community Organisation (fictional),member,Dubai,true,true,true,Physiotherapist,Fictional Healthcare Company B (sample),Healthcare,healthcare,Rehabilitation,mid_level,7,7,full_time,employed,Fictional Previous Employer L (sample),Staff Nurse,,,,Patient care; Clinical documentation; Health administration,Communication; Time management; Public speaking,Hospital information systems,English; Arabic,bachelors,Nursing,Sample University (fictional),2019,,,,true,healthcare,Interview preparation; Resume and LinkedIn profile; Career planning,undergraduate_students; school_students,one_on_one; group,online,English,3,weekly,1_month,true,false,true,false,false,false,false,false,true,true,false,true,true,free,0,,United Arab Emirates,Dubai,Dubai,,hybrid,true,false,Asia/Dubai,sunday; friday,morning,available,2026-10-03,unknown,,,,,not_offered,,,,,mentorship; career_advice,false,false,test_environment_only,not_applicable,,unverified,none,,2026-10-03,synthetic_generator_v1,,2026-10-03,2026-10-03,SYNTHETIC TEST RECORD – not a real person; must never appear in public search results.
PRO-SAMPLE-0173,sample,sample_only,Sample Professional 0173,Sample 0173,[SAMPLE] Physiotherapist – Hospital operations,Synthetic test profile for application development. Represents a senior physiotherapist in healthcare. Not a real person.,,,,,,,,in_platform_request,not_applicable,not_applicable,Sample Community Organisation (fictional),event_volunteer,Dubai,true,true,true,Physiotherapist,Fictional Healthcare Company C (sample),Healthcare,healthcare,Hospital operations,senior,13,13,full_time,employed,Fictional Previous Employer M (sample),Staff Nurse,,,,Patient care; Clinical documentation; Health administration,Problem solving; Negotiation; Mentoring,Hospital information systems,English; Arabic,masters,Nursing,Sample University (fictional),2013,,,,true,healthcare,Resume and LinkedIn profile; First job search; Interview preparation,fresh_graduates; early_career_professionals,one_on_one; group,online; in_person,English,4,fortnightly,1_month,true,false,false,true,false,true,false,false,false,false,false,true,true,free,0,,United Arab Emirates,Dubai,Dubai,,onsite,true,true,Asia/Dubai,weekdays; friday,evening,available,2026-10-03,unknown,,,,,not_offered,,,,,mentorship; career_advice,false,false,test_environment_only,not_applicable,,unverified,none,,2026-10-03,synthetic_generator_v1,,2026-10-03,2026-10-03,SYNTHETIC TEST RECORD – not a real person; must never appear in public search results.
PRO-SAMPLE-0174,sample,sample_only,Sample Professional 0174,Sample 0174,[SAMPLE] Hospital Administrator – Clinical care,Synthetic test profile for application development. Represents a lead hospital administrator in healthcare. Not a real person.,,,,,,,,in_platform_request,not_applicable,not_applicable,Sample Community Organisation (fictional),event_volunteer,Kolkata,true,true,true,Hospital Administrator,Fictional Healthcare Company D (sample),Healthcare,healthcare,Clinical care,lead,14,16,full_time,employed,Fictional Previous Employer N (sample),Staff Nurse,,,,Patient care; Clinical documentation; Health administration,Time management; Negotiation; Mentoring,Hospital information systems,English; Urdu; Hindi,masters,Nursing,Sample University (fictional),2011,,,,true,healthcare,First job search; Resume and LinkedIn profile; Switching careers,early_career_professionals; undergraduate_students,one_on_one,online; in_person,English; Urdu,4,fortnightly,6_months,true,true,true,false,false,true,false,true,false,true,false,true,true,free,0,,India,West Bengal,Kolkata,,hybrid,true,true,Asia/Kolkata,friday; weekdays,morning,available,2026-10-03,unknown,,,,,not_offered,,,,,mentorship; career_advice,false,false,test_environment_only,not_applicable,,unverified,none,,2026-10-03,synthetic_generator_v1,,2026-10-03,2026-10-03,SYNTHETIC TEST RECORD – not a real person; must never appear in public search results.
PRO-SAMPLE-0175,sample,sample_only,Sample Professional 0175,Sample 0175,[SAMPLE] Hospital Administrator – Rehabilitation,Synthetic test profile for application development. Represents a executive hospital administrator in healthcare. Not a real person.,,,,,,,,in_platform_request,not_applicable,not_applicable,Sample Community Organisation (fictional),event_volunteer,New Delhi,true,true,true,Hospital Administrator,Fictional Healthcare Company E (sample),Healthcare,healthcare,Rehabilitation,executive,26,28,full_time,employed,Fictional Previous Employer O (sample),Staff Nurse,,,,Patient care; Clinical documentation; Health administration,Leadership; Public speaking; Negotiation,Hospital information systems,English; Urdu; Hindi,masters,Nursing,Sample University (fictional),2000,,,,true,healthcare,Starting a business; First job search; Switching careers,school_students; women_returning_to_work,one_on_one; group,online; in_person,English; Urdu,4,monthly,6_months,true,true,true,false,false,false,false,true,false,true,false,false,true,free,0,,India,Delhi,New Delhi,,remote,true,true,Asia/Kolkata,friday; saturday,evening,available,2026-10-03,unknown,,,,,not_offered,,,,,mentorship; career_advice,false,false,test_environment_only,not_applicable,,unverified,none,,2026-10-03,synthetic_generator_v1,,2026-10-03,2026-10-03,SYNTHETIC TEST RECORD – not a real person; must never appear in public search results.
PRO-SAMPLE-0176,sample,sample_only,Sample Professional 0176,Sample 0176,[SAMPLE] Staff Nurse – Hospital operations,Synthetic test profile for application development. Represents a entry level staff nurse in healthcare. Not a real person.,,,,,,,,in_platform_request,not_applicable,not_applicable,Sample Community Organisation (fictional),member,Kargil,true,false,true,Staff Nurse,Fictional Healthcare Company F (sample),Healthcare,healthcare,Hospital operations,entry_level,1,1,full_time,employed,,,,,,Patient care; Clinical documentation; Health administration,Public speaking; Leadership; Communication,Hospital information systems,English; Urdu; Hindi,bachelors,Nursing,Sample University (fictional),2025,,,,false,,,,,,English; Urdu,0,,,false,false,false,false,false,false,false,false,false,false,false,true,false,,,,India,Ladakh,Kargil,,remote,false,false,Asia/Kolkata,sunday; saturday,morning,not_available,2026-10-03,unknown,,,,,not_offered,,,,,networking,false,false,test_environment_only,not_applicable,,unverified,none,,2026-10-03,synthetic_generator_v1,,2026-10-03,2026-10-03,SYNTHETIC TEST RECORD – not a real person; must never appear in public search results.
PRO-SAMPLE-0177,sample,sample_only,Sample Professional 0177,Sample 0177,[SAMPLE] Physiotherapist – Clinical care,Synthetic test profile for application development. Represents a mid level physiotherapist in healthcare. Not a real person.,,,,,,,,in_platform_request,not_applicable,not_applicable,Sample Community Organisation (fictional),event_volunteer,Kargil,true,true,true,Physiotherapist,Fictional Healthcare Company G (sample),Healthcare,healthcare,Clinical care,mid_level,6,7,full_time,employed,Fictional Previous Employer Q (sample),Staff Nurse,,,,Patient care; Clinical documentation; Health administration,Time management; Problem solving; Leadership,Hospital information systems,English; Urdu; Hindi,bachelors,Nursing,Sample University (fictional),2019,,,,true,healthcare,Switching careers; Starting a business; Skill roadmap,undergraduate_students; postgraduate_students,one_on_one,online,English; Urdu,4,weekly,6_months,true,false,true,true,false,true,false,false,false,true,false,false,true,free,0,,India,Ladakh,Kargil,,remote,true,false,Asia/Kolkata,weekdays; sunday,morning,available,2026-10-03,unknown,,,,,not_offered,,,,,mentorship; career_advice,false,false,test_environment_only,not_applicable,,unverified,none,,2026-10-03,synthetic_generator_v1,,2026-10-03,2026-10-03,SYNTHETIC TEST RECORD – not a real person; must never appear in public search results.
PRO-SAMPLE-0178,sample,sample_only,Sample Professional 0178,Sample 0178,[SAMPLE] Physiotherapist – Rehabilitation,Synthetic test profile for application development. Represents a senior physiotherapist in healthcare. Not a real person.,,,,,,,,in_platform_request,not_applicable,not_applicable,Sample Community Organisation (fictional),volunteer_mentor,Bengaluru,false,true,true,Physiotherapist,Fictional Healthcare Company H (sample),Healthcare,healthcare,Rehabilitation,senior,15,17,full_time,employed,Fictional Previous Employer R (sample),Staff Nurse,,,,Patient care; Clinical documentation; Health administration,Communication; Time management; Teamwork,Hospital information systems,English; Urdu; Hindi,masters,Nursing,Sample University (fictional),2011,,,,true,healthcare,Switching careers; Higher studies abroad; Resume and LinkedIn profile,school_students; postgraduate_students,one_on_one,online; in_person,English; Urdu,3,fortnightly,1_month,true,false,true,true,false,false,false,false,false,true,false,true,true,free,0,,India,Karnataka,Bengaluru,,remote,true,true,Asia/Kolkata,sunday; saturday,afternoon,available,2026-10-03,unknown,,,,,not_offered,,,,,mentorship; career_advice,false,false,test_environment_only,not_applicable,,unverified,none,,2026-10-03,synthetic_generator_v1,,2026-10-03,2026-10-03,SYNTHETIC TEST RECORD – not a real person; must never appear in public search results.
PRO-SAMPLE-0179,sample,sample_only,Sample Professional 0179,Sample 0179,[SAMPLE] Hospital Administrator – Hospital operations,Synthetic test profile for application development. Represents a lead hospital administrator in healthcare. Not a real person.,,,,,,,,in_platform_request,not_applicable,not_applicable,Sample Community Organisation (fictional),member,Ahmedabad,true,true,false,Hospital Administrator,Fictional Healthcare Company I (sample),Healthcare,healthcare,Hospital operations,lead,20,20,full_time,employed,Fictional Previous Employer S (sample),Staff Nurse,,,,Patient care; Clinical documentation; Health administration,Negotiation; Problem solving; Time management,Hospital information systems,English; Urdu; Hindi,masters,Nursing,Sample University (fictional),2005,,,,true,healthcare,Switching careers; Freelancing basics; Higher studies abroad,early_career_professionals; women_returning_to_work,one_on_one; group,online; in_person,English; Urdu,2,fortnightly,1_month,true,true,true,true,false,true,false,true,false,false,false,true,true,free,0,,India,Gujarat,Ahmedabad,,hybrid,true,true,Asia/Kolkata,weekdays; saturday,evening,available,2026-10-03,unknown,,,,,not_offered,,,,,mentorship; career_advice,false,false,test_environment_only,not_applicable,,unverified,none,,2026-10-03,synthetic_generator_v1,,2026-10-03,2026-10-03,SYNTHETIC TEST RECORD – not a real person; must never appear in public search results.
PRO-SAMPLE-0180,sample,sample_only,Sample Professional 0180,Sample 0180,[SAMPLE] Hospital Administrator – Clinical care,Synthetic test profile for application development. Represents a executive hospital administrator in healthcare. Not a real person.,,,,,,,,in_platform_request,not_applicable,not_applicable,Sample Community Organisation (fictional),volunteer_mentor,London,false,true,true,Hospital Administrator,Fictional Healthcare Company J (sample),Healthcare,healthcare,Clinical care,executive,27,27,full_time,employed,Fictional Previous Employer T (sample),Staff Nurse,,,,Patient care; Clinical documentation; Health administration,Leadership; Mentoring; Teamwork,Hospital information systems,English,masters,Nursing,Sample University (fictional),1999,,,,true,healthcare,Starting a business; Resume and LinkedIn profile; Skill roadmap,postgraduate_students; fresh_graduates,one_on_one,online,English,1,fortnightly,ongoing,true,true,false,false,false,true,false,false,false,true,false,true,true,free,0,,United Kingdom,England,London,,onsite,true,false,Europe/London,weekdays; friday,morning,available,2026-10-03,unknown,,,,,not_offered,,,,,mentorship; career_advice,false,false,test_environment_only,not_applicable,,unverified,none,,2026-10-03,synthetic_generator_v1,,2026-10-03,2026-10-03,SYNTHETIC TEST RECORD – not a real person; must never appear in public search results.
PRO-SAMPLE-0181,sample,sample_only,Sample Professional 0181,Sample 0181,[SAMPLE] Teacher – STEM teaching,Synthetic test profile for application development. Represents a entry level teacher in education. Not a real person.,,,,,,,,in_platform_request,not_applicable,not_applicable,Sample Community Organisation (fictional),volunteer_mentor,Pune,false,true,true,Teacher,Fictional Education Company A (sample),Education,education,STEM teaching,entry_level,2,2,full_time,employed,,,,,,Lesson planning; Assessment design; Classroom management,Teamwork; Public speaking; Time management,Google Classroom; Moodle,English; Urdu; Hindi,bachelors,Education,Sample University (fictional),2024,,,,true,education,Scholarship applications; Interview preparation; Resume and LinkedIn profile,career_changers; postgraduate_students,one_on_one,online; in_person,English; Urdu,4,fortnightly,6_months,true,true,true,false,false,false,false,false,false,true,false,true,true,free,0,,India,Maharashtra,Pune,,hybrid,true,true,Asia/Kolkata,weekdays; saturday,afternoon,available,2026-10-03,unknown,,,,,not_offered,,,,,mentorship; career_advice,false,false,test_environment_only,not_applicable,,unverified,none,,2026-10-03,synthetic_generator_v1,,2026-10-03,2026-10-03,SYNTHETIC TEST RECORD – not a real person; must never appear in public search results.
PRO-SAMPLE-0182,sample,sample_only,Sample Professional 0182,Sample 0182,[SAMPLE] Assistant Professor – Curriculum design,Synthetic test profile for application development. Represents a mid level assistant professor in education. Not a real person.,,,,,,,,in_platform_request,not_applicable,not_applicable,Sample Community Organisation (fictional),member,Kolkata,true,true,true,Assistant Professor,Fictional Education Company B (sample),Education,education,Curriculum design,mid_level,9,9,full_time,employed,Fictional Previous Employer L (sample),Teacher,,,,Lesson planning; Assessment design; Classroom management,Leadership; Time management; Public speaking,Google Classroom; Moodle,English; Urdu; Hindi,bachelors,Education,Sample University (fictional),2017,,,,true,education,Interview preparation; First job search; Career planning,postgraduate_students; school_students,one_on_one; group,online,English; Urdu,5,weekly,3_months,true,true,true,true,false,false,false,true,false,true,false,true,true,free,0,,India,West Bengal,Kolkata,,onsite,true,false,Asia/Kolkata,friday; saturday,evening,available,2026-10-03,unknown,,,,,not_offered,,,,,mentorship; career_advice,false,false,test_environment_only,not_applicable,,unverified,none,,2026-10-03,synthetic_generator_v1,,2026-10-03,2026-10-03,SYNTHETIC TEST RECORD – not a real person; must never appear in public search results.
PRO-SAMPLE-0183,sample,sample_only,Sample Professional 0183,Sample 0183,[SAMPLE] Assistant Professor – Islamic studies education,Synthetic test profile for application development. Represents a senior assistant professor in education. Not a real person.,,,,,,,,in_platform_request,not_applicable,not_applicable,Sample Community Organisation (fictional),member,Dubai,true,true,true,Assistant Professor,Fictional Education Company C (sample),Education,education,Islamic studies education,senior,10,12,full_time,employed,Fictional Previous Employer M (sample),Teacher,,,,Lesson planning; Assessment design; Classroom management,Public speaking; Teamwork; Mentoring,Google Classroom; Moodle,English; Arabic,masters,Education,Sample University (fictional),2016,,,,true,education,Interview preparation; Starting a business; Scholarship applications,school_students; early_career_professionals,one_on_one; group,online; in_person,English,4,weekly,ongoing,true,true,true,false,false,true,false,true,false,false,false,true,true,free,0,,United Arab Emirates,Dubai,Dubai,,remote,true,true,Asia/Dubai,sunday; weekdays,evening,available,2026-10-03,unknown,,,,,not_offered,,,,,mentorship; career_advice,false,false,test_environment_only,not_applicable,,unverified,none,,2026-10-03,synthetic_generator_v1,,2026-10-03,2026-10-03,SYNTHETIC TEST RECORD – not a real person; must never appear in public search results.
PRO-SAMPLE-0184,sample,sample_only,Sample Professional 0184,Sample 0184,[SAMPLE] School Principal – STEM teaching,Synthetic test profile for application development. Represents a lead school principal in education. Not a real person.,,,,,,,,in_platform_request,not_applicable,not_applicable,Sample Community Organisation (fictional),volunteer_mentor,New Delhi,false,true,true,School Principal,Fictional Education Company D (sample),Education,education,STEM teaching,lead,15,16,full_time,employed,Fictional Previous Employer N (sample),Teacher,,,,Lesson planning; Assessment design; Classroom management,Negotiation; Communication; Leadership,Google Classroom; Moodle,English; Urdu; Hindi,masters,Education,Sample University (fictional),2011,,,,true,education,First job search; Freelancing basics; Scholarship applications,postgraduate_students; early_career_professionals,one_on_one; group,online,English; Urdu,2,weekly,3_months,true,true,false,true,false,false,false,false,false,false,false,true,true,free,0,,India,Delhi,New Delhi,,onsite,true,false,Asia/Kolkata,weekdays; saturday,morning,available,2026-10-03,unknown,,,,,not_offered,,,,,mentorship; career_advice,false,false,test_environment_only,not_applicable,,unverified,none,,2026-10-03,synthetic_generator_v1,,2026-10-03,2026-10-03,SYNTHETIC TEST RECORD – not a real person; must never appear in public search results.
PRO-SAMPLE-0185,sample,sample_only,Sample Professional 0185,Sample 0185,[SAMPLE] School Principal – Curriculum design,Synthetic test profile for application development. Represents a executive school principal in education. Not a real person.,,,,,,,,in_platform_request,not_applicable,not_applicable,Sample Community Organisation (fictional),event_volunteer,Kargil,true,true,true,School Principal,Fictional Education Company E (sample),Education,education,Curriculum design,executive,21,23,full_time,employed,Fictional Previous Employer O (sample),Teacher,,,,Lesson planning; Assessment design; Classroom management,Time management; Teamwork; Negotiation,Google Classroom; Moodle,English; Urdu; Hindi,masters,Education,Sample University (fictional),2005,,,,true,education,First job search; Skill roadmap; Interview preparation,career_changers; postgraduate_students,one_on_one; group,online,English; Urdu,3,monthly,3_months,true,true,false,true,false,true,false,true,false,false,false,true,true,free,0,,India,Ladakh,Kargil,,remote,true,false,Asia/Kolkata,sunday; friday,afternoon,available,2026-10-03,unknown,,,,,not_offered,,,,,mentorship; career_advice,false,false,test_environment_only,not_applicable,,unverified,none,,2026-10-03,synthetic_generator_v1,,2026-10-03,2026-10-03,SYNTHETIC TEST RECORD – not a real person; must never appear in public search results.
PRO-SAMPLE-0186,sample,sample_only,Sample Professional 0186,Sample 0186,[SAMPLE] Teacher – Islamic studies education,Synthetic test profile for application development. Represents a entry level teacher in education. Not a real person.,,,,,,,,in_platform_request,not_applicable,not_applicable,Sample Community Organisation (fictional),member,Bengaluru,true,false,true,Teacher,Fictional Education Company F (sample),Education,education,Islamic studies education,entry_level,1,1,full_time,employed,,,,,,Lesson planning; Assessment design; Classroom management,Leadership; Teamwork; Mentoring,Google Classroom; Moodle,English; Urdu; Hindi,bachelors,Education,Sample University (fictional),2024,,,,false,,,,,,English; Urdu,0,,,false,false,false,false,false,false,false,false,false,false,false,true,false,,,,India,Karnataka,Bengaluru,,hybrid,false,false,Asia/Kolkata,sunday; friday,morning,not_available,2026-10-03,unknown,,,,,not_offered,,,,,networking,false,false,test_environment_only,not_applicable,,unverified,none,,2026-10-03,synthetic_generator_v1,,2026-10-03,2026-10-03,SYNTHETIC TEST RECORD – not a real person; must never appear in public search results.
PRO-SAMPLE-0187,sample,sample_only,Sample Professional 0187,Sample 0187,[SAMPLE] Assistant Professor – STEM teaching,Synthetic test profile for application development. Represents a mid level assistant professor in education. Not a real person.,,,,,,,,in_platform_request,not_applicable,not_applicable,Sample Community Organisation (fictional),event_volunteer,Hyderabad,true,true,false,Assistant Professor,Fictional Education Company G (sample),Education,education,STEM teaching,mid_level,4,4,full_time,employed,Fictional Previous Employer Q (sample),Teacher,,,,Lesson planning; Assessment design; Classroom management,Public speaking; Leadership; Time management,Google Classroom; Moodle,English; Urdu; Hindi,bachelors,Education,Sample University (fictional),2022,,,,true,education,Career planning; Interview preparation; Switching careers,career_changers; school_students,one_on_one,online; in_person,English; Urdu,2,fortnightly,6_months,true,true,true,true,false,true,false,true,false,true,false,true,true,free,0,,India,Telangana,Hyderabad,,onsite,true,true,Asia/Kolkata,sunday; weekdays,evening,available,2026-10-03,unknown,,,,,not_offered,,,,,mentorship; career_advice,false,false,test_environment_only,not_applicable,,unverified,none,,2026-10-03,synthetic_generator_v1,,2026-10-03,2026-10-03,SYNTHETIC TEST RECORD – not a real person; must never appear in public search results.
PRO-SAMPLE-0188,sample,sample_only,Sample Professional 0188,Sample 0188,[SAMPLE] Assistant Professor – Curriculum design,Synthetic test profile for application development. Represents a senior assistant professor in education. Not a real person.,,,,,,,,in_platform_request,not_applicable,not_applicable,Sample Community Organisation (fictional),volunteer_mentor,Srinagar,true,true,true,Assistant Professor,Fictional Education Company H (sample),Education,education,Curriculum design,senior,11,11,full_time,employed,Fictional Previous Employer R (sample),Teacher,,,,Lesson planning; Assessment design; Classroom management,Teamwork; Mentoring; Negotiation,Google Classroom; Moodle,English; Urdu; Hindi,masters,Education,Sample University (fictional),2014,,,,true,education,First job search; Career planning; Switching careers,women_returning_to_work; school_students,one_on_one,online,English; Urdu,5,monthly,6_months,true,true,true,true,false,true,false,false,false,true,false,true,true,free,0,,India,Jammu and Kashmir,Srinagar,,remote,true,false,Asia/Kolkata,sunday; weekdays,morning,available,2026-10-03,unknown,,,,,not_offered,,,,,mentorship; career_advice,false,false,test_environment_only,not_applicable,,unverified,none,,2026-10-03,synthetic_generator_v1,,2026-10-03,2026-10-03,SYNTHETIC TEST RECORD – not a real person; must never appear in public search results.
PRO-SAMPLE-0189,sample,sample_only,Sample Professional 0189,Sample 0189,[SAMPLE] School Principal – Islamic studies education,Synthetic test profile for application development. Represents a lead school principal in education. Not a real person.,,,,,,,,in_platform_request,not_applicable,not_applicable,Sample Community Organisation (fictional),event_volunteer,Mumbai,true,true,true,School Principal,Fictional Education Company I (sample),Education,education,Islamic studies education,lead,12,12,full_time,employed,Fictional Previous Employer S (sample),Teacher,,,,Lesson planning; Assessment design; Classroom management,Negotiation; Problem solving; Communication,Google Classroom; Moodle,English; Urdu; Hindi,masters,Education,Sample University (fictional),2014,,,,true,education,Career planning; Interview preparation; Switching careers,early_career_professionals; fresh_graduates,one_on_one,online,English; Urdu,2,weekly,1_month,true,false,false,false,false,false,false,true,true,true,false,true,true,free,0,,India,Maharashtra,Mumbai,,remote,true,false,Asia/Kolkata,saturday; sunday,morning,available,2026-10-03,unknown,,,,,not_offered,,,,,mentorship; career_advice,false,false,test_environment_only,not_applicable,,unverified,none,,2026-10-03,synthetic_generator_v1,,2026-10-03,2026-10-03,SYNTHETIC TEST RECORD – not a real person; must never appear in public search results.
PRO-SAMPLE-0190,sample,sample_only,Sample Professional 0190,Sample 0190,[SAMPLE] School Principal – STEM teaching,Synthetic test profile for application development. Represents a executive school principal in education. Not a real person.,,,,,,,,in_platform_request,not_applicable,not_applicable,Sample Community Organisation (fictional),volunteer_mentor,Kolkata,true,true,false,School Principal,Fictional Education Company J (sample),Education,education,STEM teaching,executive,29,31,full_time,employed,Fictional Previous Employer T (sample),Teacher,,,,Lesson planning; Assessment design; Classroom management,Negotiation; Time management; Public speaking,Google Classroom; Moodle,English; Urdu; Hindi,masters,Education,Sample University (fictional),1997,,,,true,education,Freelancing basics; Switching careers; Higher studies abroad,school_students; undergraduate_students,one_on_one; group,online,English; Urdu,4,monthly,3_months,true,true,true,true,false,true,false,false,true,true,false,true,true,free,0,,India,West Bengal,Kolkata,,onsite,true,false,Asia/Kolkata,sunday; weekdays,afternoon,available,2026-10-03,unknown,,,,,not_offered,,,,,mentorship; career_advice,false,false,test_environment_only,not_applicable,,unverified,none,,2026-10-03,synthetic_generator_v1,,2026-10-03,2026-10-03,SYNTHETIC TEST RECORD – not a real person; must never appear in public search results.
PRO-SAMPLE-0191,sample,sample_only,Sample Professional 0191,Sample 0191,[SAMPLE] Research Associate – Materials research,Synthetic test profile for application development. Represents a entry level research associate in research. Not a real person.,,,,,,,,in_platform_request,not_applicable,not_applicable,Sample Community Organisation (fictional),event_volunteer,Bengaluru,true,false,false,Research Associate,Fictional Research Company A (sample),Research,research_development,Materials research,entry_level,1,1,full_time,employed,,,,,,Research design; Data analysis; Scientific writing,Public speaking; Communication; Time management,R; MATLAB; LaTeX,English; Urdu; Hindi,bachelors,Life Sciences,Sample University (fictional),2024,,,,false,,,,,,English; Urdu,0,,,false,false,false,false,false,false,false,false,false,false,false,true,false,,,,India,Karnataka,Bengaluru,,remote,false,false,Asia/Kolkata,sunday; saturday,evening,not_available,2026-10-03,unknown,,,,,not_offered,,,,,networking,false,false,test_environment_only,not_applicable,,unverified,none,,2026-10-03,synthetic_generator_v1,,2026-10-03,2026-10-03,SYNTHETIC TEST RECORD – not a real person; must never appear in public search results.
PRO-SAMPLE-0192,sample,sample_only,Sample Professional 0192,Sample 0192,[SAMPLE] Scientist – Biotech research,Synthetic test profile for application development. Represents a mid level scientist in research. Not a real person.,,,,,,,,in_platform_request,not_applicable,not_applicable,Sample Community Organisation (fictional),volunteer_mentor,Dubai,true,true,true,Scientist,Fictional Research Company B (sample),Research,research_development,Biotech research,mid_level,6,6,full_time,employed,Fictional Previous Employer L (sample),Research Associate,,,,Research design; Data analysis; Scientific writing,Mentoring; Time management; Teamwork,R; MATLAB; LaTeX,English; Arabic,bachelors,Life Sciences,Sample University (fictional),2019,,,,true,research_development,Freelancing basics; Scholarship applications; Career planning,postgraduate_students; school_students,one_on_one,online; in_person,English,3,fortnightly,ongoing,true,false,false,false,false,false,false,false,false,false,false,true,true,free,0,,United Arab Emirates,Dubai,Dubai,,hybrid,false,true,Asia/Dubai,saturday; sunday,evening,available,2026-10-03,unknown,,,,,not_offered,,,,,mentorship; career_advice,false,false,test_environment_only,not_applicable,,unverified,none,,2026-10-03,synthetic_generator_v1,,2026-10-03,2026-10-03,SYNTHETIC TEST RECORD – not a real person; must never appear in public search results.
PRO-SAMPLE-0193,sample,sample_only,Sample Professional 0193,Sample 0193,[SAMPLE] Scientist – Social research,Synthetic test profile for application development. Represents a senior scientist in research. Not a real person.,,,,,,,,in_platform_request,not_applicable,not_applicable,Sample Community Organisation (fictional),volunteer_mentor,Srinagar,false,true,true,Scientist,Fictional Research Company C (sample),Research,research_development,Social research,senior,15,17,full_time,employed,Fictional Previous Employer M (sample),Research Associate,,,,Research design; Data analysis; Scientific writing,Communication; Negotiation; Problem solving,R; MATLAB; LaTeX,English; Urdu; Hindi,masters,Life Sciences,Sample University (fictional),2010,,,,true,research_development,Switching careers; Starting a business; Higher studies abroad,early_career_professionals; school_students,one_on_one,online; in_person,English; Urdu,3,fortnightly,ongoing,true,true,false,false,false,true,false,false,true,true,false,true,true,free,0,,India,Jammu and Kashmir,Srinagar,,hybrid,true,true,Asia/Kolkata,sunday; weekdays,evening,available,2026-10-03,unknown,,,,,not_offered,,,,,mentorship; career_advice,false,false,test_environment_only,not_applicable,,unverified,none,,2026-10-03,synthetic_generator_v1,,2026-10-03,2026-10-03,SYNTHETIC TEST RECORD – not a real person; must never appear in public search results.
PRO-SAMPLE-0194,sample,sample_only,Sample Professional 0194,Sample 0194,[SAMPLE] R&D Lead – Materials research,Synthetic test profile for application development. Represents a lead r&d lead in research. Not a real person.,,,,,,,,in_platform_request,not_applicable,not_applicable,Sample Community Organisation (fictional),event_volunteer,Lucknow,false,true,false,R&D Lead,Fictional Research Company D (sample),Research,research_development,Materials research,lead,20,22,full_time,employed,Fictional Previous Employer N (sample),Research Associate,,,,Research design; Data analysis; Scientific writing,Leadership; Problem solving; Mentoring,R; MATLAB; LaTeX,English; Urdu; Hindi,masters,Life Sciences,Sample University (fictional),2005,,,,true,research_development,Scholarship applications; Higher studies abroad; Freelancing basics,fresh_graduates; postgraduate_students,one_on_one; group,online,English; Urdu,3,monthly,1_month,true,true,false,false,false,false,false,false,false,false,false,true,true,free,0,,India,Uttar Pradesh,Lucknow,,hybrid,true,false,Asia/Kolkata,saturday; weekdays,afternoon,available,2026-10-03,unknown,,,,,not_offered,,,,,mentorship; career_advice,false,false,test_environment_only,not_applicable,,unverified,none,,2026-10-03,synthetic_generator_v1,,2026-10-03,2026-10-03,SYNTHETIC TEST RECORD – not a real person; must never appear in public search results.
PRO-SAMPLE-0195,sample,sample_only,Sample Professional 0195,Sample 0195,[SAMPLE] R&D Lead – Biotech research,Synthetic test profile for application development. Represents a executive r&d lead in research. Not a real person.,,,,,,,,in_platform_request,not_applicable,not_applicable,Sample Community Organisation (fictional),volunteer_mentor,Hyderabad,true,true,true,R&D Lead,Fictional Research Company E (sample),Research,research_development,Biotech research,executive,23,23,full_time,employed,Fictional Previous Employer O (sample),Research Associate,,,,Research design; Data analysis; Scientific writing,Time management; Negotiation; Problem solving,R; MATLAB; LaTeX,English; Urdu; Hindi,masters,Life Sciences,Sample University (fictional),2003,,,,true,research_development,Higher studies abroad; Skill roadmap; Scholarship applications,fresh_graduates; career_changers,one_on_one; group,online,English; Urdu,5,monthly,1_month,true,true,true,false,false,false,false,false,false,false,false,true,true,free,0,,India,Telangana,Hyderabad,,hybrid,true,false,Asia/Kolkata,saturday; weekdays,morning,available,2026-10-03,unknown,,,,,not_offered,,,,,mentorship; career_advice,false,false,test_environment_only,not_applicable,,unverified,none,,2026-10-03,synthetic_generator_v1,,2026-10-03,2026-10-03,SYNTHETIC TEST RECORD – not a real person; must never appear in public search results.
PRO-SAMPLE-0196,sample,sample_only,Sample Professional 0196,Sample 0196,[SAMPLE] Research Associate – Social research,Synthetic test profile for application development. Represents a entry level research associate in research. Not a real person.,,,,,,,,in_platform_request,not_applicable,not_applicable,Sample Community Organisation (fictional),event_volunteer,Patna,true,false,false,Research Associate,Fictional Research Company F (sample),Research,research_development,Social research,entry_level,1,1,full_time,employed,,,,,,Research design; Data analysis; Scientific writing,Negotiation; Public speaking; Communication,R; MATLAB; LaTeX,English; Urdu; Hindi,bachelors,Life Sciences,Sample University (fictional),2024,,,,false,,,,,,English; Urdu,0,,,false,false,false,false,false,false,false,false,false,false,false,true,false,,,,India,Bihar,Patna,,hybrid,false,false,Asia/Kolkata,weekdays; sunday,afternoon,not_available,2026-10-03,unknown,,,,,not_offered,,,,,networking,false,false,test_environment_only,not_applicable,,unverified,none,,2026-10-03,synthetic_generator_v1,,2026-10-03,2026-10-03,SYNTHETIC TEST RECORD – not a real person; must never appear in public search results.
PRO-SAMPLE-0197,sample,sample_only,Sample Professional 0197,Sample 0197,[SAMPLE] Scientist – Materials research,Synthetic test profile for application development. Represents a mid level scientist in research. Not a real person.,,,,,,,,in_platform_request,not_applicable,not_applicable,Sample Community Organisation (fictional),event_volunteer,Hyderabad,true,true,true,Scientist,Fictional Research Company G (sample),Research,research_development,Materials research,mid_level,6,7,full_time,employed,Fictional Previous Employer Q (sample),Research Associate,,,,Research design; Data analysis; Scientific writing,Public speaking; Teamwork; Mentoring,R; MATLAB; LaTeX,English; Urdu; Hindi,bachelors,Life Sciences,Sample University (fictional),2019,,,,true,research_development,Resume and LinkedIn profile; Scholarship applications; Switching careers,fresh_graduates; women_returning_to_work,one_on_one; group,online; in_person,English; Urdu,2,weekly,1_month,true,true,true,true,false,true,false,false,false,true,false,true,true,free,0,,India,Telangana,Hyderabad,,hybrid,true,true,Asia/Kolkata,sunday; weekdays,morning,available,2026-10-03,unknown,,,,,not_offered,,,,,mentorship; career_advice,false,false,test_environment_only,not_applicable,,unverified,none,,2026-10-03,synthetic_generator_v1,,2026-10-03,2026-10-03,SYNTHETIC TEST RECORD – not a real person; must never appear in public search results.
PRO-SAMPLE-0198,sample,sample_only,Sample Professional 0198,Sample 0198,[SAMPLE] Scientist – Biotech research,Synthetic test profile for application development. Represents a senior scientist in research. Not a real person.,,,,,,,,in_platform_request,not_applicable,not_applicable,Sample Community Organisation (fictional),volunteer_mentor,New Delhi,false,true,true,Scientist,Fictional Research Company H (sample),Research,research_development,Biotech research,senior,11,11,full_time,employed,Fictional Previous Employer R (sample),Research Associate,,,,Research design; Data analysis; Scientific writing,Public speaking; Teamwork; Negotiation,R; MATLAB; LaTeX,English; Urdu; Hindi,masters,Life Sciences,Sample University (fictional),2014,,,,true,research_development,Switching careers; Freelancing basics; Starting a business,fresh_graduates; early_career_professionals,one_on_one,online,English; Urdu,3,fortnightly,6_months,true,true,false,true,false,true,false,false,true,true,false,true,true,free,0,,India,Delhi,New Delhi,,onsite,true,false,Asia/Kolkata,saturday; friday,morning,available,2026-10-03,unknown,,,,,not_offered,,,,,mentorship; career_advice,false,false,test_environment_only,not_applicable,,unverified,none,,2026-10-03,synthetic_generator_v1,,2026-10-03,2026-10-03,SYNTHETIC TEST RECORD – not a real person; must never appear in public search results.
PRO-SAMPLE-0199,sample,sample_only,Sample Professional 0199,Sample 0199,[SAMPLE] R&D Lead – Social research,Synthetic test profile for application development. Represents a lead r&d lead in research. Not a real person.,,,,,,,,in_platform_request,not_applicable,not_applicable,Sample Community Organisation (fictional),event_volunteer,Mumbai,true,true,true,R&D Lead,Fictional Research Company I (sample),Research,research_development,Social research,lead,14,14,full_time,employed,Fictional Previous Employer S (sample),Research Associate,,,,Research design; Data analysis; Scientific writing,Negotiation; Communication; Public speaking,R; MATLAB; LaTeX,English; Urdu; Hindi,masters,Life Sciences,Sample University (fictional),2012,,,,true,research_development,Switching careers; Skill roadmap; Career planning,career_changers; women_returning_to_work,one_on_one,online,English; Urdu,2,fortnightly,ongoing,true,false,false,true,false,false,false,true,true,false,false,true,true,free,0,,India,Maharashtra,Mumbai,,hybrid,true,false,Asia/Kolkata,weekdays; sunday,morning,available,2026-10-03,unknown,,,,,not_offered,,,,,mentorship; career_advice,false,false,test_environment_only,not_applicable,,unverified,none,,2026-10-03,synthetic_generator_v1,,2026-10-03,2026-10-03,SYNTHETIC TEST RECORD – not a real person; must never appear in public search results.
PRO-SAMPLE-0200,sample,sample_only,Sample Professional 0200,Sample 0200,[SAMPLE] R&D Lead – Materials research,Synthetic test profile for application development. Represents a executive r&d lead in research. Not a real person.,,,,,,,,in_platform_request,not_applicable,not_applicable,Sample Community Organisation (fictional),volunteer_mentor,Toronto,true,true,true,R&D Lead,Fictional Research Company J (sample),Research,research_development,Materials research,executive,21,21,full_time,employed,Fictional Previous Employer T (sample),Research Associate,,,,Research design; Data analysis; Scientific writing,Problem solving; Negotiation; Communication,R; MATLAB; LaTeX,English,masters,Life Sciences,Sample University (fictional),2004,,,,true,research_development,Starting a business; Resume and LinkedIn profile; Switching careers,school_students; fresh_graduates,one_on_one,online; in_person,English,3,fortnightly,1_month,true,true,false,false,false,false,false,false,true,false,false,true,true,free,0,,Canada,Ontario,Toronto,,remote,true,true,America/Toronto,weekdays; sunday,afternoon,available,2026-10-03,unknown,,,,,not_offered,,,,,mentorship; career_advice,false,false,test_environment_only,not_applicable,,unverified,none,,2026-10-03,synthetic_generator_v1,,2026-10-03,2026-10-03,SYNTHETIC TEST RECORD – not a real person; must never appear in public search results.
PRO-SAMPLE-0201,sample,sample_only,Sample Professional 0201,Sample 0201,[SAMPLE] Associate Advocate – Corporate law,Synthetic test profile for application development. Represents a entry level associate advocate in legal services. Not a real person.,,,,,,,,in_platform_request,not_applicable,not_applicable,Sample Community Organisation (fictional),member,Kargil,true,false,false,Associate Advocate,Fictional Legal Services Company A (sample),Legal Services,law_legal,Corporate law,entry_level,3,3,full_time,employed,,,,,,Legal research; Drafting; Advocacy,Teamwork; Leadership; Public speaking,Legal research databases,English; Urdu; Hindi,bachelors,Law,Sample University (fictional),2022,,,,false,,,,,,English; Urdu,0,,,false,false,false,false,false,false,false,false,false,false,false,false,false,,,,India,Ladakh,Kargil,,onsite,false,false,Asia/Kolkata,friday; sunday,morning,not_available,2026-10-03,unknown,,,,,not_offered,,,,,networking,false,false,test_environment_only,not_applicable,,unverified,none,,2026-10-03,synthetic_generator_v1,,2026-10-03,2026-10-03,SYNTHETIC TEST RECORD – not a real person; must never appear in public search results.
PRO-SAMPLE-0202,sample,sample_only,Sample Professional 0202,Sample 0202,[SAMPLE] Senior Associate – Litigation,Synthetic test profile for application development. Represents a mid level senior associate in legal services. Not a real person.,,,,,,,,in_platform_request,not_applicable,not_applicable,Sample Community Organisation (fictional),volunteer_mentor,Bengaluru,false,true,true,Senior Associate,Fictional Legal Services Company B (sample),Legal Services,law_legal,Litigation,mid_level,6,7,full_time,employed,Fictional Previous Employer L (sample),Associate Advocate,,,,Legal research; Drafting; Advocacy,Problem solving; Teamwork; Time management,Legal research databases,English; Urdu; Hindi,bachelors,Law,Sample University (fictional),2019,,,,true,law_legal,Starting a business; Freelancing basics; Career planning,school_students; career_changers,one_on_one; group,online,English; Urdu,3,fortnightly,3_months,true,true,false,true,false,false,false,false,false,false,false,true,true,free,0,,India,Karnataka,Bengaluru,,remote,true,false,Asia/Kolkata,saturday; weekdays,afternoon,available,2026-10-03,unknown,,,,,not_offered,,,,,mentorship; career_advice,false,false,test_environment_only,not_applicable,,unverified,none,,2026-10-03,synthetic_generator_v1,,2026-10-03,2026-10-03,SYNTHETIC TEST RECORD – not a real person; must never appear in public search results.
PRO-SAMPLE-0203,sample,sample_only,Sample Professional 0203,Sample 0203,[SAMPLE] Senior Associate – Family law,Synthetic test profile for application development. Represents a senior senior associate in legal services. Not a real person.,,,,,,,,in_platform_request,not_applicable,not_applicable,Sample Community Organisation (fictional),member,Patna,true,true,false,Senior Associate,Fictional Legal Services Company C (sample),Legal Services,law_legal,Family law,senior,15,16,full_time,employed,Fictional Previous Employer M (sample),Associate Advocate,,,,Legal research; Drafting; Advocacy,Problem solving; Public speaking; Communication,Legal research databases,English; Urdu; Hindi,masters,Law,Sample University (fictional),2010,,,,true,law_legal,Resume and LinkedIn profile; Career planning; Higher studies abroad,school_students; fresh_graduates,one_on_one,online; in_person,English; Urdu,4,weekly,ongoing,true,true,false,false,false,false,false,true,false,false,false,true,true,free,0,,India,Bihar,Patna,,onsite,true,true,Asia/Kolkata,weekdays; friday,afternoon,available,2026-10-03,unknown,,,,,not_offered,,,,,mentorship; career_advice,false,false,test_environment_only,not_applicable,,unverified,none,,2026-10-03,synthetic_generator_v1,,2026-10-03,2026-10-03,SYNTHETIC TEST RECORD – not a real person; must never appear in public search results.
PRO-SAMPLE-0204,sample,sample_only,Sample Professional 0204,Sample 0204,[SAMPLE] Partner – Corporate law,Synthetic test profile for application development. Represents a lead partner in legal services. Not a real person.,,,,,,,,in_platform_request,not_applicable,not_applicable,Sample Community Organisation (fictional),volunteer_mentor,Dubai,true,true,true,Partner,Fictional Legal Services Company D (sample),Legal Services,law_legal,Corporate law,lead,18,19,full_time,employed,Fictional Previous Employer N (sample),Associate Advocate,,,,Legal research; Drafting; Advocacy,Communication; Teamwork; Problem solving,Legal research databases,English; Arabic,masters,Law,Sample University (fictional),2007,,,,true,law_legal,Starting a business; Interview preparation; First job search,school_students; postgraduate_students,one_on_one; group,online,English,3,weekly,ongoing,true,true,false,false,false,true,false,false,true,false,false,true,true,free,0,,United Arab Emirates,Dubai,Dubai,,onsite,true,false,Asia/Dubai,sunday; friday,afternoon,available,2026-10-03,unknown,,,,,not_offered,,,,,mentorship; career_advice,false,false,test_environment_only,not_applicable,,unverified,none,,2026-10-03,synthetic_generator_v1,,2026-10-03,2026-10-03,SYNTHETIC TEST RECORD – not a real person; must never appear in public search results.
PRO-SAMPLE-0205,sample,sample_only,Sample Professional 0205,Sample 0205,[SAMPLE] Partner – Litigation,Synthetic test profile for application development. Represents a executive partner in legal services. Not a real person.,,,,,,,,in_platform_request,not_applicable,not_applicable,Sample Community Organisation (fictional),event_volunteer,London,false,true,true,Partner,Fictional Legal Services Company E (sample),Legal Services,law_legal,Litigation,executive,27,28,full_time,employed,Fictional Previous Employer O (sample),Associate Advocate,,,,Legal research; Drafting; Advocacy,Public speaking; Negotiation; Problem solving,Legal research databases,English,masters,Law,Sample University (fictional),1998,,,,true,law_legal,Interview preparation; Higher studies abroad; Career planning,women_returning_to_work; postgraduate_students,one_on_one; group,online,English,2,fortnightly,1_month,true,true,true,true,false,true,false,false,false,true,false,false,true,free,0,,United Kingdom,England,London,,hybrid,false,false,Europe/London,friday; saturday,evening,available,2026-10-03,unknown,,,,,not_offered,,,,,mentorship; career_advice,false,false,test_environment_only,not_applicable,,unverified,none,,2026-10-03,synthetic_generator_v1,,2026-10-03,2026-10-03,SYNTHETIC TEST RECORD – not a real person; must never appear in public search results.
PRO-SAMPLE-0206,sample,sample_only,Sample Professional 0206,Sample 0206,[SAMPLE] Associate Advocate – Family law,Synthetic test profile for application development. Represents a entry level associate advocate in legal services. Not a real person.,,,,,,,,in_platform_request,not_applicable,not_applicable,Sample Community Organisation (fictional),volunteer_mentor,New Delhi,false,false,true,Associate Advocate,Fictional Legal Services Company F (sample),Legal Services,law_legal,Family law,entry_level,3,3,full_time,employed,,,,,,Legal research; Drafting; Advocacy,Public speaking; Negotiation; Mentoring,Legal research databases,English; Urdu; Hindi,bachelors,Law,Sample University (fictional),2023,,,,false,,,,,,English; Urdu,0,,,false,false,false,false,false,false,false,false,false,false,false,false,false,,,,India,Delhi,New Delhi,,remote,false,false,Asia/Kolkata,saturday; weekdays,evening,not_available,2026-10-03,unknown,,,,,not_offered,,,,,networking,false,false,test_environment_only,not_applicable,,unverified,none,,2026-10-03,synthetic_generator_v1,,2026-10-03,2026-10-03,SYNTHETIC TEST RECORD – not a real person; must never appear in public search results.
PRO-SAMPLE-0207,sample,sample_only,Sample Professional 0207,Sample 0207,[SAMPLE] Senior Associate – Corporate law,Synthetic test profile for application development. Represents a mid level senior associate in legal services. Not a real person.,,,,,,,,in_platform_request,not_applicable,not_applicable,Sample Community Organisation (fictional),event_volunteer,Kargil,true,true,true,Senior Associate,Fictional Legal Services Company G (sample),Legal Services,law_legal,Corporate law,mid_level,8,9,full_time,employed,Fictional Previous Employer Q (sample),Associate Advocate,,,,Legal research; Drafting; Advocacy,Problem solving; Public speaking; Teamwork,Legal research databases,English; Urdu; Hindi,bachelors,Law,Sample University (fictional),2017,,,,true,law_legal,Scholarship applications; Career planning; Switching careers,women_returning_to_work; postgraduate_students,one_on_one; group,online,English; Urdu,2,fortnightly,ongoing,true,false,false,false,false,false,false,true,false,true,false,true,true,free,0,,India,Ladakh,Kargil,,hybrid,true,false,Asia/Kolkata,friday; weekdays,evening,available,2026-10-03,unknown,,,,,not_offered,,,,,mentorship; career_advice,false,false,test_environment_only,not_applicable,,unverified,none,,2026-10-03,synthetic_generator_v1,,2026-10-03,2026-10-03,SYNTHETIC TEST RECORD – not a real person; must never appear in public search results.
PRO-SAMPLE-0208,sample,sample_only,Sample Professional 0208,Sample 0208,[SAMPLE] Senior Associate – Litigation,Synthetic test profile for application development. Represents a senior senior associate in legal services. Not a real person.,,,,,,,,in_platform_request,not_applicable,not_applicable,Sample Community Organisation (fictional),event_volunteer,New Delhi,true,true,false,Senior Associate,Fictional Legal Services Company H (sample),Legal Services,law_legal,Litigation,senior,14,14,full_time,employed,Fictional Previous Employer R (sample),Associate Advocate,,,,Legal research; Drafting; Advocacy,Leadership; Problem solving; Time management,Legal research databases,English; Urdu; Hindi,masters,Law,Sample University (fictional),2011,,,,true,law_legal,Scholarship applications; Resume and LinkedIn profile; Freelancing basics,undergraduate_students; postgraduate_students,one_on_one,online; in_person,English; Urdu,4,weekly,3_months,true,false,true,true,false,true,false,false,false,true,false,true,true,free,0,,India,Delhi,New Delhi,,onsite,true,true,Asia/Kolkata,weekdays; friday,afternoon,available,2026-10-03,unknown,,,,,not_offered,,,,,mentorship; career_advice,false,false,test_environment_only,not_applicable,,unverified,none,,2026-10-03,synthetic_generator_v1,,2026-10-03,2026-10-03,SYNTHETIC TEST RECORD – not a real person; must never appear in public search results.
PRO-SAMPLE-0209,sample,sample_only,Sample Professional 0209,Sample 0209,[SAMPLE] Partner – Family law,Synthetic test profile for application development. Represents a lead partner in legal services. Not a real person.,,,,,,,,in_platform_request,not_applicable,not_applicable,Sample Community Organisation (fictional),event_volunteer,Kolkata,true,true,true,Partner,Fictional Legal Services Company I (sample),Legal Services,law_legal,Family law,lead,12,12,full_time,employed,Fictional Previous Employer S (sample),Associate Advocate,,,,Legal research; Drafting; Advocacy,Mentoring; Problem solving; Teamwork,Legal research databases,English; Urdu; Hindi,masters,Law,Sample University (fictional),2014,,,,true,law_legal,Scholarship applications; Starting a business; Switching careers,undergraduate_students; women_returning_to_work,one_on_one,online; in_person,English; Urdu,2,weekly,3_months,true,false,true,true,false,false,false,true,false,true,false,true,true,free,0,,India,West Bengal,Kolkata,,hybrid,true,true,Asia/Kolkata,friday; sunday,afternoon,available,2026-10-03,unknown,,,,,not_offered,,,,,mentorship; career_advice,false,false,test_environment_only,not_applicable,,unverified,none,,2026-10-03,synthetic_generator_v1,,2026-10-03,2026-10-03,SYNTHETIC TEST RECORD – not a real person; must never appear in public search results.
PRO-SAMPLE-0210,sample,sample_only,Sample Professional 0210,Sample 0210,[SAMPLE] Partner – Corporate law,Synthetic test profile for application development. Represents a executive partner in legal services. Not a real person.,,,,,,,,in_platform_request,not_applicable,not_applicable,Sample Community Organisation (fictional),event_volunteer,New Delhi,true,true,true,Partner,Fictional Legal Services Company J (sample),Legal Services,law_legal,Corporate law,executive,21,22,full_time,employed,Fictional Previous Employer T (sample),Associate Advocate,,,,Legal research; Drafting; Advocacy,Teamwork; Negotiation; Public speaking,Legal research databases,English; Urdu; Hindi,masters,Law,Sample University (fictional),2004,,,,true,law_legal,Career planning; Scholarship applications; Switching careers,women_returning_to_work; undergraduate_students,one_on_one; group,online,English; Urdu,5,monthly,6_months,true,true,true,true,false,false,false,false,true,false,false,true,true,free,0,,India,Delhi,New Delhi,,hybrid,true,false,Asia/Kolkata,sunday; friday,afternoon,available,2026-10-03,unknown,,,,,not_offered,,,,,mentorship; career_advice,false,false,test_environment_only,not_applicable,,unverified,none,,2026-10-03,synthetic_generator_v1,,2026-10-03,2026-10-03,SYNTHETIC TEST RECORD – not a real person; must never appear in public search results.
PRO-SAMPLE-0211,sample,sample_only,Sample Professional 0211,Sample 0211,[SAMPLE] Section Officer – Public policy,Synthetic test profile for application development. Represents a entry level section officer in government. Not a real person.,,,,,,,,in_platform_request,not_applicable,not_applicable,Sample Community Organisation (fictional),member,Kargil,false,true,true,Section Officer,Fictional Government Company A (sample),Government,public_administration,Public policy,entry_level,2,2,full_time,employed,,,,,,Policy analysis; Public finance; Administration,Public speaking; Communication; Leadership,E-office systems,English; Urdu; Hindi,bachelors,Public Administration,Sample University (fictional),2024,,,,true,public_administration,Higher studies abroad; Interview preparation; Starting a business,undergraduate_students; career_changers,one_on_one,online,English; Urdu,5,weekly,ongoing,true,false,false,true,false,false,false,false,false,false,false,true,true,free,0,,India,Ladakh,Kargil,,remote,true,false,Asia/Kolkata,saturday; weekdays,afternoon,available,2026-10-03,unknown,,,,,not_offered,,,,,mentorship; career_advice,false,false,test_environment_only,not_applicable,,unverified,none,,2026-10-03,synthetic_generator_v1,,2026-10-03,2026-10-03,SYNTHETIC TEST RECORD – not a real person; must never appear in public search results.
PRO-SAMPLE-0212,sample,sample_only,Sample Professional 0212,Sample 0212,[SAMPLE] Deputy Director – Programme administration,Synthetic test profile for application development. Represents a mid level deputy director in government. Not a real person.,,,,,,,,in_platform_request,not_applicable,not_applicable,Sample Community Organisation (fictional),member,Dubai,true,true,true,Deputy Director,Fictional Government Company B (sample),Government,public_administration,Programme administration,mid_level,9,10,full_time,employed,Fictional Previous Employer L (sample),Section Officer,,,,Policy analysis; Public finance; Administration,Teamwork; Negotiation; Time management,E-office systems,English; Arabic,bachelors,Public Administration,Sample University (fictional),2016,,,,true,public_administration,Freelancing basics; First job search; Interview preparation,early_career_professionals; undergraduate_students,one_on_one; group,online; in_person,English,2,fortnightly,3_months,true,true,false,false,false,true,false,false,false,false,false,true,true,free,0,,United Arab Emirates,Dubai,Dubai,,remote,true,true,Asia/Dubai,weekdays; friday,afternoon,available,2026-10-03,unknown,,,,,not_offered,,,,,mentorship; career_advice,false,false,test_environment_only,not_applicable,,unverified,none,,2026-10-03,synthetic_generator_v1,,2026-10-03,2026-10-03,SYNTHETIC TEST RECORD – not a real person; must never appear in public search results.
PRO-SAMPLE-0213,sample,sample_only,Sample Professional 0213,Sample 0213,[SAMPLE] Deputy Director – Civil services preparation,Synthetic test profile for application development. Represents a senior deputy director in government. Not a real person.,,,,,,,,in_platform_request,not_applicable,not_applicable,Sample Community Organisation (fictional),volunteer_mentor,Hyderabad,true,true,true,Deputy Director,Fictional Government Company C (sample),Government,public_administration,Civil services preparation,senior,12,13,full_time,employed,Fictional Previous Employer M (sample),Section Officer,,,,Policy analysis; Public finance; Administration,Mentoring; Negotiation; Teamwork,E-office systems,English; Urdu; Hindi,masters,Public Administration,Sample University (fictional),2014,,,,true,public_administration,Freelancing basics; Switching careers; Starting a business,undergraduate_students; fresh_graduates,one_on_one; group,online; in_person,English; Urdu,4,monthly,6_months,true,true,false,false,false,true,false,false,false,false,false,true,true,free,0,,India,Telangana,Hyderabad,,onsite,true,true,Asia/Kolkata,friday; saturday,morning,available,2026-10-03,unknown,,,,,not_offered,,,,,mentorship; career_advice,false,false,test_environment_only,not_applicable,,unverified,none,,2026-10-03,synthetic_generator_v1,,2026-10-03,2026-10-03,SYNTHETIC TEST RECORD – not a real person; must never appear in public search results.
PRO-SAMPLE-0214,sample,sample_only,Sample Professional 0214,Sample 0214,[SAMPLE] Senior Civil Servant – Public policy,Synthetic test profile for application development. Represents a lead senior civil servant in government. Not a real person.,,,,,,,,in_platform_request,not_applicable,not_applicable,Sample Community Organisation (fictional),volunteer_mentor,Toronto,true,true,true,Senior Civil Servant,Fictional Government Company D (sample),Government,public_administration,Public policy,lead,12,12,full_time,employed,Fictional Previous Employer N (sample),Section Officer,,,,Policy analysis; Public finance; Administration,Mentoring; Communication; Public speaking,E-office systems,English,masters,Public Administration,Sample University (fictional),2014,,,,true,public_administration,Interview preparation; Scholarship applications; Starting a business,postgraduate_students; fresh_graduates,one_on_one,online,English,1,monthly,3_months,true,true,true,false,false,false,false,false,false,true,false,true,true,free,0,,Canada,Ontario,Toronto,,remote,true,false,America/Toronto,saturday; sunday,evening,available,2026-10-03,unknown,,,,,not_offered,,,,,mentorship; career_advice,false,false,test_environment_only,not_applicable,,unverified,none,,2026-10-03,synthetic_generator_v1,,2026-10-03,2026-10-03,SYNTHETIC TEST RECORD – not a real person; must never appear in public search results.
PRO-SAMPLE-0215,sample,sample_only,Sample Professional 0215,Sample 0215,[SAMPLE] Senior Civil Servant – Programme administration,Synthetic test profile for application development. Represents a executive senior civil servant in government. Not a real person.,,,,,,,,in_platform_request,not_applicable,not_applicable,Sample Community Organisation (fictional),volunteer_mentor,Bengaluru,true,true,true,Senior Civil Servant,Fictional Government Company E (sample),Government,public_administration,Programme administration,executive,28,28,full_time,employed,Fictional Previous Employer O (sample),Section Officer,,,,Policy analysis; Public finance; Administration,Leadership; Negotiation; Problem solving,E-office systems,English; Urdu; Hindi,masters,Public Administration,Sample University (fictional),1997,,,,true,public_administration,Scholarship applications; Freelancing basics; Resume and LinkedIn profile,undergraduate_students; women_returning_to_work,one_on_one; group,online,English; Urdu,5,monthly,ongoing,true,false,false,true,false,false,false,false,false,false,false,false,true,free,0,,India,Karnataka,Bengaluru,,onsite,true,false,Asia/Kolkata,sunday; saturday,morning,available,2026-10-03,unknown,,,,,not_offered,,,,,mentorship; career_advice,false,false,test_environment_only,not_applicable,,unverified,none,,2026-10-03,synthetic_generator_v1,,2026-10-03,2026-10-03,SYNTHETIC TEST RECORD – not a real person; must never appear in public search results.
PRO-SAMPLE-0216,sample,sample_only,Sample Professional 0216,Sample 0216,[SAMPLE] Section Officer – Civil services preparation,Synthetic test profile for application development. Represents a entry level section officer in government. Not a real person.,,,,,,,,in_platform_request,not_applicable,not_applicable,Sample Community Organisation (fictional),volunteer_mentor,Pune,true,true,true,Section Officer,Fictional Government Company F (sample),Government,public_administration,Civil services preparation,entry_level,1,1,full_time,employed,,,,,,Policy analysis; Public finance; Administration,Mentoring; Problem solving; Teamwork,E-office systems,English; Urdu; Hindi,bachelors,Public Administration,Sample University (fictional),2024,,,,true,public_administration,Interview preparation; First job search; Freelancing basics,career_changers; postgraduate_students,one_on_one,online; in_person,English; Urdu,2,fortnightly,3_months,true,true,true,true,false,true,false,true,false,true,false,true,true,free,0,,India,Maharashtra,Pune,,onsite,false,true,Asia/Kolkata,weekdays; friday,morning,available,2026-10-03,unknown,,,,,not_offered,,,,,mentorship; career_advice,false,false,test_environment_only,not_applicable,,unverified,none,,2026-10-03,synthetic_generator_v1,,2026-10-03,2026-10-03,SYNTHETIC TEST RECORD – not a real person; must never appear in public search results.
PRO-SAMPLE-0217,sample,sample_only,Sample Professional 0217,Sample 0217,[SAMPLE] Deputy Director – Public policy,Synthetic test profile for application development. Represents a mid level deputy director in government. Not a real person.,,,,,,,,in_platform_request,not_applicable,not_applicable,Sample Community Organisation (fictional),event_volunteer,Hyderabad,true,true,true,Deputy Director,Fictional Government Company G (sample),Government,public_administration,Public policy,mid_level,4,4,full_time,employed,Fictional Previous Employer Q (sample),Section Officer,,,,Policy analysis; Public finance; Administration,Teamwork; Communication; Public speaking,E-office systems,English; Urdu; Hindi,bachelors,Public Administration,Sample University (fictional),2021,,,,true,public_administration,Switching careers; First job search; Higher studies abroad,postgraduate_students; early_career_professionals,one_on_one; group,online; in_person,English; Urdu,5,weekly,3_months,true,true,true,true,false,false,false,true,true,true,false,true,true,free,0,,India,Telangana,Hyderabad,,remote,true,true,Asia/Kolkata,saturday; weekdays,evening,available,2026-10-03,unknown,,,,,not_offered,,,,,mentorship; career_advice,false,false,test_environment_only,not_applicable,,unverified,none,,2026-10-03,synthetic_generator_v1,,2026-10-03,2026-10-03,SYNTHETIC TEST RECORD – not a real person; must never appear in public search results.
PRO-SAMPLE-0218,sample,sample_only,Sample Professional 0218,Sample 0218,[SAMPLE] Deputy Director – Programme administration,Synthetic test profile for application development. Represents a senior deputy director in government. Not a real person.,,,,,,,,in_platform_request,not_applicable,not_applicable,Sample Community Organisation (fictional),event_volunteer,Ahmedabad,true,true,false,Deputy Director,Fictional Government Company H (sample),Government,public_administration,Programme administration,senior,12,14,full_time,employed,Fictional Previous Employer R (sample),Section Officer,,,,Policy analysis; Public finance; Administration,Teamwork; Leadership; Negotiation,E-office systems,English; Urdu; Hindi,masters,Public Administration,Sample University (fictional),2013,,,,true,public_administration,Interview preparation; Freelancing basics; Switching careers,school_students; undergraduate_students,one_on_one; group,online; in_person,English; Urdu,4,weekly,3_months,true,false,false,false,false,false,false,true,true,true,false,false,true,free,0,,India,Gujarat,Ahmedabad,,remote,true,true,Asia/Kolkata,sunday; saturday,evening,available,2026-10-03,unknown,,,,,not_offered,,,,,mentorship; career_advice,false,false,test_environment_only,not_applicable,,unverified,none,,2026-10-03,synthetic_generator_v1,,2026-10-03,2026-10-03,SYNTHETIC TEST RECORD – not a real person; must never appear in public search results.
PRO-SAMPLE-0219,sample,sample_only,Sample Professional 0219,Sample 0219,[SAMPLE] Senior Civil Servant – Civil services preparation,Synthetic test profile for application development. Represents a lead senior civil servant in government. Not a real person.,,,,,,,,in_platform_request,not_applicable,not_applicable,Sample Community Organisation (fictional),member,Srinagar,true,true,true,Senior Civil Servant,Fictional Government Company I (sample),Government,public_administration,Civil services preparation,lead,12,12,full_time,employed,Fictional Previous Employer S (sample),Section Officer,,,,Policy analysis; Public finance; Administration,Public speaking; Leadership; Time management,E-office systems,English; Urdu; Hindi,masters,Public Administration,Sample University (fictional),2014,,,,true,public_administration,Resume and LinkedIn profile; Freelancing basics; First job search,career_changers; women_returning_to_work,one_on_one,online,English; Urdu,5,weekly,6_months,true,true,false,true,false,false,false,false,true,false,false,true,true,free,0,,India,Jammu and Kashmir,Srinagar,,remote,true,false,Asia/Kolkata,friday; saturday,morning,available,2026-10-03,unknown,,,,,not_offered,,,,,mentorship; career_advice,false,false,test_environment_only,not_applicable,,unverified,none,,2026-10-03,synthetic_generator_v1,,2026-10-03,2026-10-03,SYNTHETIC TEST RECORD – not a real person; must never appear in public search results.
PRO-SAMPLE-0220,sample,sample_only,Sample Professional 0220,Sample 0220,[SAMPLE] Senior Civil Servant – Public policy,Synthetic test profile for application development. Represents a executive senior civil servant in government. Not a real person.,,,,,,,,in_platform_request,not_applicable,not_applicable,Sample Community Organisation (fictional),volunteer_mentor,Ahmedabad,false,true,true,Senior Civil Servant,Fictional Government Company J (sample),Government,public_administration,Public policy,executive,30,32,full_time,employed,Fictional Previous Employer T (sample),Section Officer,,,,Policy analysis; Public finance; Administration,Teamwork; Communication; Time management,E-office systems,English; Urdu; Hindi,masters,Public Administration,Sample University (fictional),1996,,,,true,public_administration,Switching careers; Higher studies abroad; Starting a business,women_returning_to_work; career_changers,one_on_one; group,online,English; Urdu,5,fortnightly,1_month,true,true,false,true,false,true,false,true,true,true,false,true,true,free,0,,India,Gujarat,Ahmedabad,,remote,true,false,Asia/Kolkata,saturday; friday,morning,available,2026-10-03,unknown,,,,,not_offered,,,,,mentorship; career_advice,false,false,test_environment_only,not_applicable,,unverified,none,,2026-10-03,synthetic_generator_v1,,2026-10-03,2026-10-03,SYNTHETIC TEST RECORD – not a real person; must never appear in public search results.
PRO-SAMPLE-0221,sample,sample_only,Sample Professional 0221,Sample 0221,[SAMPLE] Content Writer – Journalism,Synthetic test profile for application development. Represents a entry level content writer in media. Not a real person.,,,,,,,,in_platform_request,not_applicable,not_applicable,Sample Community Organisation (fictional),volunteer_mentor,New Delhi,true,false,false,Content Writer,Fictional Media Company A (sample),Media,media_creative,Journalism,entry_level,3,3,full_time,employed,,,,,,Storytelling; Editing; Visual design,Leadership; Public speaking; Communication,Adobe Premiere Pro; Photoshop,English; Urdu; Hindi,bachelors,Journalism,Sample University (fictional),2023,,,,false,,,,,,English; Urdu,0,,,false,false,false,false,false,false,false,false,false,false,false,false,false,,,,India,Delhi,New Delhi,,onsite,false,false,Asia/Kolkata,saturday; sunday,afternoon,not_available,2026-10-03,unknown,,,,,not_offered,,,,,networking,false,false,test_environment_only,not_applicable,,unverified,none,,2026-10-03,synthetic_generator_v1,,2026-10-03,2026-10-03,SYNTHETIC TEST RECORD – not a real person; must never appear in public search results.
PRO-SAMPLE-0222,sample,sample_only,Sample Professional 0222,Sample 0222,[SAMPLE] Video Producer – Video production,Synthetic test profile for application development. Represents a mid level video producer in media. Not a real person.,,,,,,,,in_platform_request,not_applicable,not_applicable,Sample Community Organisation (fictional),volunteer_mentor,Patna,true,true,true,Video Producer,Fictional Media Company B (sample),Media,media_creative,Video production,mid_level,5,5,full_time,employed,Fictional Previous Employer L (sample),Content Writer,,,,Storytelling; Editing; Visual design,Negotiation; Time management; Problem solving,Adobe Premiere Pro; Photoshop,English; Urdu; Hindi,bachelors,Journalism,Sample University (fictional),2020,,,,true,media_creative,Starting a business; First job search; Freelancing basics,school_students; postgraduate_students,one_on_one,online,English; Urdu,1,fortnightly,ongoing,true,true,true,false,true,false,false,true,false,false,false,false,true,free,0,,India,Bihar,Patna,,hybrid,true,false,Asia/Kolkata,friday; sunday,morning,available,2026-10-03,unknown,,,,,not_offered,,,,,mentorship; career_advice,false,false,test_environment_only,not_applicable,,unverified,none,,2026-10-03,synthetic_generator_v1,,2026-10-03,2026-10-03,SYNTHETIC TEST RECORD – not a real person; must never appear in public search results.
PRO-SAMPLE-0223,sample,sample_only,Sample Professional 0223,Sample 0223,[SAMPLE] Video Producer – Graphic design,Synthetic test profile for application development. Represents a senior video producer in media. Not a real person.,,,,,,,,in_platform_request,not_applicable,not_applicable,Sample Community Organisation (fictional),event_volunteer,Bengaluru,true,true,true,Video Producer,Fictional Media Company C (sample),Media,media_creative,Graphic design,senior,10,10,full_time,employed,Fictional Previous Employer M (sample),Content Writer,,,,Storytelling; Editing; Visual design,Teamwork; Problem solving; Public speaking,Adobe Premiere Pro; Photoshop,English; Urdu; Hindi,masters,Journalism,Sample University (fictional),2016,,,,true,media_creative,Interview preparation; Skill roadmap; Freelancing basics,early_career_professionals; school_students,one_on_one,online; in_person,English; Urdu,5,fortnightly,1_month,true,true,false,false,true,true,false,true,false,true,false,true,true,free,0,,India,Karnataka,Bengaluru,,remote,true,true,Asia/Kolkata,saturday; sunday,evening,available,2026-10-03,unknown,,,,,not_offered,,,,,mentorship; career_advice,false,false,test_environment_only,not_applicable,,unverified,none,,2026-10-03,synthetic_generator_v1,,2026-10-03,2026-10-03,SYNTHETIC TEST RECORD – not a real person; must never appear in public search results.
PRO-SAMPLE-0224,sample,sample_only,Sample Professional 0224,Sample 0224,[SAMPLE] Creative Director – Journalism,Synthetic test profile for application development. Represents a lead creative director in media. Not a real person.,,,,,,,,in_platform_request,not_applicable,not_applicable,Sample Community Organisation (fictional),event_volunteer,Lucknow,true,true,false,Creative Director,Fictional Media Company D (sample),Media,media_creative,Journalism,lead,12,12,full_time,employed,Fictional Previous Employer N (sample),Content Writer,,,,Storytelling; Editing; Visual design,Problem solving; Leadership; Teamwork,Adobe Premiere Pro; Photoshop,English; Urdu; Hindi,masters,Journalism,Sample University (fictional),2013,,,,true,media_creative,Higher studies abroad; Switching careers; Career planning,women_returning_to_work; postgraduate_students,one_on_one,online,English; Urdu,3,monthly,1_month,true,true,false,true,true,false,false,false,true,true,false,true,true,free,0,,India,Uttar Pradesh,Lucknow,,hybrid,true,false,Asia/Kolkata,sunday; friday,morning,available,2026-10-03,unknown,,,,,not_offered,,,,,mentorship; career_advice,false,false,test_environment_only,not_applicable,,unverified,none,,2026-10-03,synthetic_generator_v1,,2026-10-03,2026-10-03,SYNTHETIC TEST RECORD – not a real person; must never appear in public search results.
PRO-SAMPLE-0225,sample,sample_only,Sample Professional 0225,Sample 0225,[SAMPLE] Creative Director – Video production,Synthetic test profile for application development. Represents a executive creative director in media. Not a real person.,,,,,,,,in_platform_request,not_applicable,not_applicable,Sample Community Organisation (fictional),member,Kargil,false,true,true,Creative Director,Fictional Media Company E (sample),Media,media_creative,Video production,executive,29,30,full_time,employed,Fictional Previous Employer O (sample),Content Writer,,,,Storytelling; Editing; Visual design,Communication; Negotiation; Time management,Adobe Premiere Pro; Photoshop,English; Urdu; Hindi,masters,Journalism,Sample University (fictional),1997,,,,true,media_creative,Career planning; Freelancing basics; Switching careers,career_changers; postgraduate_students,one_on_one,online; in_person,English; Urdu,2,weekly,ongoing,true,true,false,false,true,false,false,false,false,false,false,false,true,free,0,,India,Ladakh,Kargil,,hybrid,true,true,Asia/Kolkata,saturday; friday,morning,available,2026-10-03,unknown,,,,,not_offered,,,,,mentorship; career_advice,false,false,test_environment_only,not_applicable,,unverified,none,,2026-10-03,synthetic_generator_v1,,2026-10-03,2026-10-03,SYNTHETIC TEST RECORD – not a real person; must never appear in public search results.
PRO-SAMPLE-0226,sample,sample_only,Sample Professional 0226,Sample 0226,[SAMPLE] Content Writer – Graphic design,Synthetic test profile for application development. Represents a entry level content writer in media. Not a real person.,,,,,,,,in_platform_request,not_applicable,not_applicable,Sample Community Organisation (fictional),event_volunteer,Pune,true,false,false,Content Writer,Fictional Media Company F (sample),Media,media_creative,Graphic design,entry_level,1,1,full_time,employed,,,,,,Storytelling; Editing; Visual design,Negotiation; Public speaking; Communication,Adobe Premiere Pro; Photoshop,English; Urdu; Hindi,bachelors,Journalism,Sample University (fictional),2024,,,,false,,,,,,English; Urdu,0,,,false,false,false,false,false,false,false,false,false,false,false,true,false,,,,India,Maharashtra,Pune,,onsite,false,false,Asia/Kolkata,sunday; saturday,evening,not_available,2026-10-03,unknown,,,,,not_offered,,,,,networking,false,false,test_environment_only,not_applicable,,unverified,none,,2026-10-03,synthetic_generator_v1,,2026-10-03,2026-10-03,SYNTHETIC TEST RECORD – not a real person; must never appear in public search results.
PRO-SAMPLE-0227,sample,sample_only,Sample Professional 0227,Sample 0227,[SAMPLE] Video Producer – Journalism,Synthetic test profile for application development. Represents a mid level video producer in media. Not a real person.,,,,,,,,in_platform_request,not_applicable,not_applicable,Sample Community Organisation (fictional),member,London,true,true,true,Video Producer,Fictional Media Company G (sample),Media,media_creative,Journalism,mid_level,5,7,full_time,employed,Fictional Previous Employer Q (sample),Content Writer,,,,Storytelling; Editing; Visual design,Teamwork; Problem solving; Mentoring,Adobe Premiere Pro; Photoshop,English,bachelors,Journalism,Sample University (fictional),2020,,,,true,media_creative,Freelancing basics; Switching careers; Interview preparation,postgraduate_students; school_students,one_on_one,online,English,2,fortnightly,1_month,true,false,true,true,true,true,false,false,true,true,false,true,true,free,0,,United Kingdom,England,London,,hybrid,true,false,Europe/London,friday; saturday,morning,available,2026-10-03,unknown,,,,,not_offered,,,,,mentorship; career_advice,false,false,test_environment_only,not_applicable,,unverified,none,,2026-10-03,synthetic_generator_v1,,2026-10-03,2026-10-03,SYNTHETIC TEST RECORD – not a real person; must never appear in public search results.
PRO-SAMPLE-0228,sample,sample_only,Sample Professional 0228,Sample 0228,[SAMPLE] Video Producer – Video production,Synthetic test profile for application development. Represents a senior video producer in media. Not a real person.,,,,,,,,in_platform_request,not_applicable,not_applicable,Sample Community Organisation (fictional),event_volunteer,Patna,false,true,true,Video Producer,Fictional Media Company H (sample),Media,media_creative,Video production,senior,12,13,full_time,employed,Fictional Previous Employer R (sample),Content Writer,,,,Storytelling; Editing; Visual design,Public speaking; Mentoring; Teamwork,Adobe Premiere Pro; Photoshop,English; Urdu; Hindi,masters,Journalism,Sample University (fictional),2013,,,,true,media_creative,Freelancing basics; First job search; Switching careers,fresh_graduates; women_returning_to_work,one_on_one; group,online,English; Urdu,4,monthly,3_months,true,true,false,false,true,true,false,false,true,false,false,true,true,free,0,,India,Bihar,Patna,,remote,true,false,Asia/Kolkata,saturday; weekdays,morning,available,2026-10-03,unknown,,,,,not_offered,,,,,mentorship; career_advice,false,false,test_environment_only,not_applicable,,unverified,none,,2026-10-03,synthetic_generator_v1,,2026-10-03,2026-10-03,SYNTHETIC TEST RECORD – not a real person; must never appear in public search results.
PRO-SAMPLE-0229,sample,sample_only,Sample Professional 0229,Sample 0229,[SAMPLE] Creative Director – Graphic design,Synthetic test profile for application development. Represents a lead creative director in media. Not a real person.,,,,,,,,in_platform_request,not_applicable,not_applicable,Sample Community Organisation (fictional),volunteer_mentor,Bengaluru,true,true,true,Creative Director,Fictional Media Company I (sample),Media,media_creative,Graphic design,lead,18,18,full_time,employed,Fictional Previous Employer S (sample),Content Writer,,,,Storytelling; Editing; Visual design,Negotiation; Public speaking; Communication,Adobe Premiere Pro; Photoshop,English; Urdu; Hindi,masters,Journalism,Sample University (fictional),2008,,,,true,media_creative,Higher studies abroad; First job search; Switching careers,postgraduate_students; school_students,one_on_one; group,online,English; Urdu,3,fortnightly,ongoing,true,true,true,false,true,false,false,false,false,true,false,false,true,free,0,,India,Karnataka,Bengaluru,,onsite,true,false,Asia/Kolkata,weekdays; friday,evening,available,2026-10-03,unknown,,,,,not_offered,,,,,mentorship; career_advice,false,false,test_environment_only,not_applicable,,unverified,none,,2026-10-03,synthetic_generator_v1,,2026-10-03,2026-10-03,SYNTHETIC TEST RECORD – not a real person; must never appear in public search results.
PRO-SAMPLE-0230,sample,sample_only,Sample Professional 0230,Sample 0230,[SAMPLE] Creative Director – Journalism,Synthetic test profile for application development. Represents a executive creative director in media. Not a real person.,,,,,,,,in_platform_request,not_applicable,not_applicable,Sample Community Organisation (fictional),event_volunteer,Kolkata,true,true,true,Creative Director,Fictional Media Company J (sample),Media,media_creative,Journalism,executive,27,28,full_time,employed,Fictional Previous Employer T (sample),Content Writer,,,,Storytelling; Editing; Visual design,Teamwork; Problem solving; Time management,Adobe Premiere Pro; Photoshop,English; Urdu; Hindi,masters,Journalism,Sample University (fictional),1999,,,,true,media_creative,Scholarship applications; Higher studies abroad; Freelancing basics,fresh_graduates; school_students,one_on_one,online,English; Urdu,4,fortnightly,6_months,true,false,true,true,true,false,false,false,false,true,false,true,true,free,0,,India,West Bengal,Kolkata,,onsite,true,false,Asia/Kolkata,sunday; weekdays,morning,available,2026-10-03,unknown,,,,,not_offered,,,,,mentorship; career_advice,false,false,test_environment_only,not_applicable,,unverified,none,,2026-10-03,synthetic_generator_v1,,2026-10-03,2026-10-03,SYNTHETIC TEST RECORD – not a real person; must never appear in public search results.
PRO-SAMPLE-0231,sample,sample_only,Sample Professional 0231,Sample 0231,[SAMPLE] Logistics Coordinator – Procurement,Synthetic test profile for application development. Represents a entry level logistics coordinator in logistics. Not a real person.,,,,,,,,in_platform_request,not_applicable,not_applicable,Sample Community Organisation (fictional),member,Ahmedabad,true,true,false,Logistics Coordinator,Fictional Logistics Company A (sample),Logistics,supply_chain,Procurement,entry_level,2,2,full_time,employed,,,,,,Inventory planning; Procurement; Vendor management,Time management; Public speaking; Teamwork,SAP MM; Excel,English; Urdu; Hindi,bachelors,Supply Chain Management,Sample University (fictional),2024,,,,true,supply_chain,Higher studies abroad; Career planning; First job search,women_returning_to_work; fresh_graduates,one_on_one,online; in_person,English; Urdu,3,weekly,3_months,true,true,false,false,false,false,false,false,false,true,false,true,true,free,0,,India,Gujarat,Ahmedabad,,onsite,true,true,Asia/Kolkata,friday; saturday,evening,available,2026-10-03,unknown,,,,,not_offered,,,,,mentorship; career_advice,false,false,test_environment_only,not_applicable,,unverified,none,,2026-10-03,synthetic_generator_v1,,2026-10-03,2026-10-03,SYNTHETIC TEST RECORD – not a real person; must never appear in public search results.
PRO-SAMPLE-0232,sample,sample_only,Sample Professional 0232,Sample 0232,[SAMPLE] Supply Chain Manager – Warehousing,Synthetic test profile for application development. Represents a mid level supply chain manager in logistics. Not a real person.,,,,,,,,in_platform_request,not_applicable,not_applicable,Sample Community Organisation (fictional),event_volunteer,Toronto,false,true,true,Supply Chain Manager,Fictional Logistics Company B (sample),Logistics,supply_chain,Warehousing,mid_level,9,11,full_time,employed,Fictional Previous Employer L (sample),Logistics Coordinator,,,,Inventory planning; Procurement; Vendor management,Mentoring; Problem solving; Leadership,SAP MM; Excel,English,bachelors,Supply Chain Management,Sample University (fictional),2016,,,,true,supply_chain,Freelancing basics; First job search; Skill roadmap,postgraduate_students; undergraduate_students,one_on_one; group,online; in_person,English,4,weekly,1_month,true,true,false,false,false,true,false,true,false,true,false,false,true,free,0,,Canada,Ontario,Toronto,,remote,true,true,America/Toronto,weekdays; friday,afternoon,available,2026-10-03,unknown,,,,,not_offered,,,,,mentorship; career_advice,false,false,test_environment_only,not_applicable,,unverified,none,,2026-10-03,synthetic_generator_v1,,2026-10-03,2026-10-03,SYNTHETIC TEST RECORD – not a real person; must never appear in public search results.
PRO-SAMPLE-0233,sample,sample_only,Sample Professional 0233,Sample 0233,[SAMPLE] Supply Chain Manager – Distribution planning,Synthetic test profile for application development. Represents a senior supply chain manager in logistics. Not a real person.,,,,,,,,in_platform_request,not_applicable,not_applicable,Sample Community Organisation (fictional),event_volunteer,Mumbai,true,true,true,Supply Chain Manager,Fictional Logistics Company C (sample),Logistics,supply_chain,Distribution planning,senior,14,14,full_time,employed,Fictional Previous Employer M (sample),Logistics Coordinator,,,,Inventory planning; Procurement; Vendor management,Mentoring; Time management; Leadership,SAP MM; Excel,English; Urdu; Hindi,masters,Supply Chain Management,Sample University (fictional),2011,,,,true,supply_chain,First job search; Career planning; Switching careers,school_students; postgraduate_students,one_on_one,online,English; Urdu,3,monthly,3_months,true,false,false,true,false,true,false,false,false,false,false,true,true,free,0,,India,Maharashtra,Mumbai,,remote,true,false,Asia/Kolkata,saturday; friday,morning,available,2026-10-03,unknown,,,,,not_offered,,,,,mentorship; career_advice,false,false,test_environment_only,not_applicable,,unverified,none,,2026-10-03,synthetic_generator_v1,,2026-10-03,2026-10-03,SYNTHETIC TEST RECORD – not a real person; must never appear in public search results.
PRO-SAMPLE-0234,sample,sample_only,Sample Professional 0234,Sample 0234,[SAMPLE] Head of Operations – Procurement,Synthetic test profile for application development. Represents a lead head of operations in logistics. Not a real person.,,,,,,,,in_platform_request,not_applicable,not_applicable,Sample Community Organisation (fictional),member,Kargil,true,true,true,Head of Operations,Fictional Logistics Company D (sample),Logistics,supply_chain,Procurement,lead,12,12,full_time,employed,Fictional Previous Employer N (sample),Logistics Coordinator,,,,Inventory planning; Procurement; Vendor management,Leadership; Mentoring; Teamwork,SAP MM; Excel,English; Urdu; Hindi,masters,Supply Chain Management,Sample University (fictional),2014,,,,true,supply_chain,Resume and LinkedIn profile; Skill roadmap; Higher studies abroad,women_returning_to_work; school_students,one_on_one; group,online,English; Urdu,3,fortnightly,6_months,true,true,false,false,false,true,false,false,true,true,false,true,true,free,0,,India,Ladakh,Kargil,,onsite,true,false,Asia/Kolkata,sunday; weekdays,afternoon,available,2026-10-03,unknown,,,,,not_offered,,,,,mentorship; career_advice,false,false,test_environment_only,not_applicable,,unverified,none,,2026-10-03,synthetic_generator_v1,,2026-10-03,2026-10-03,SYNTHETIC TEST RECORD – not a real person; must never appear in public search results.
PRO-SAMPLE-0235,sample,sample_only,Sample Professional 0235,Sample 0235,[SAMPLE] Head of Operations – Warehousing,Synthetic test profile for application development. Represents a executive head of operations in logistics. Not a real person.,,,,,,,,in_platform_request,not_applicable,not_applicable,Sample Community Organisation (fictional),event_volunteer,Hyderabad,true,true,true,Head of Operations,Fictional Logistics Company E (sample),Logistics,supply_chain,Warehousing,executive,21,23,full_time,employed,Fictional Previous Employer O (sample),Logistics Coordinator,,,,Inventory planning; Procurement; Vendor management,Public speaking; Mentoring; Teamwork,SAP MM; Excel,English; Urdu; Hindi,masters,Supply Chain Management,Sample University (fictional),2004,,,,true,supply_chain,Starting a business; Freelancing basics; Scholarship applications,postgraduate_students; school_students,one_on_one; group,online; in_person,English; Urdu,4,monthly,3_months,true,true,false,true,false,false,false,false,true,false,false,true,true,free,0,,India,Telangana,Hyderabad,,hybrid,true,true,Asia/Kolkata,saturday; weekdays,afternoon,available,2026-10-03,unknown,,,,,not_offered,,,,,mentorship; career_advice,false,false,test_environment_only,not_applicable,,unverified,none,,2026-10-03,synthetic_generator_v1,,2026-10-03,2026-10-03,SYNTHETIC TEST RECORD – not a real person; must never appear in public search results.
PRO-SAMPLE-0236,sample,sample_only,Sample Professional 0236,Sample 0236,[SAMPLE] Logistics Coordinator – Distribution planning,Synthetic test profile for application development. Represents a entry level logistics coordinator in logistics. Not a real person.,,,,,,,,in_platform_request,not_applicable,not_applicable,Sample Community Organisation (fictional),volunteer_mentor,Pune,false,true,true,Logistics Coordinator,Fictional Logistics Company F (sample),Logistics,supply_chain,Distribution planning,entry_level,3,3,full_time,employed,,,,,,Inventory planning; Procurement; Vendor management,Communication; Public speaking; Mentoring,SAP MM; Excel,English; Urdu; Hindi,bachelors,Supply Chain Management,Sample University (fictional),2022,,,,true,supply_chain,Switching careers; First job search; Career planning,early_career_professionals; postgraduate_students,one_on_one; group,online; in_person,English; Urdu,2,weekly,3_months,true,true,true,true,false,false,false,true,false,true,false,true,true,free,0,,India,Maharashtra,Pune,,remote,true,true,Asia/Kolkata,friday; weekdays,morning,available,2026-10-03,unknown,,,,,not_offered,,,,,mentorship; career_advice,false,false,test_environment_only,not_applicable,,unverified,none,,2026-10-03,synthetic_generator_v1,,2026-10-03,2026-10-03,SYNTHETIC TEST RECORD – not a real person; must never appear in public search results.
PRO-SAMPLE-0237,sample,sample_only,Sample Professional 0237,Sample 0237,[SAMPLE] Supply Chain Manager – Procurement,Synthetic test profile for application development. Represents a mid level supply chain manager in logistics. Not a real person.,,,,,,,,in_platform_request,not_applicable,not_applicable,Sample Community Organisation (fictional),member,Kolkata,false,true,true,Supply Chain Manager,Fictional Logistics Company G (sample),Logistics,supply_chain,Procurement,mid_level,5,6,full_time,employed,Fictional Previous Employer Q (sample),Logistics Coordinator,,,,Inventory planning; Procurement; Vendor management,Problem solving; Teamwork; Negotiation,SAP MM; Excel,English; Urdu; Hindi,bachelors,Supply Chain Management,Sample University (fictional),2020,,,,true,supply_chain,Higher studies abroad; Interview preparation; Skill roadmap,school_students; postgraduate_students,one_on_one,online,English; Urdu,5,weekly,6_months,true,false,false,false,false,false,false,false,false,false,false,true,true,free,0,,India,West Bengal,Kolkata,,onsite,true,false,Asia/Kolkata,friday; weekdays,morning,available,2026-10-03,unknown,,,,,not_offered,,,,,mentorship; career_advice,false,false,test_environment_only,not_applicable,,unverified,none,,2026-10-03,synthetic_generator_v1,,2026-10-03,2026-10-03,SYNTHETIC TEST RECORD – not a real person; must never appear in public search results.
PRO-SAMPLE-0238,sample,sample_only,Sample Professional 0238,Sample 0238,[SAMPLE] Supply Chain Manager – Warehousing,Synthetic test profile for application development. Represents a senior supply chain manager in logistics. Not a real person.,,,,,,,,in_platform_request,not_applicable,not_applicable,Sample Community Organisation (fictional),member,Ahmedabad,false,true,true,Supply Chain Manager,Fictional Logistics Company H (sample),Logistics,supply_chain,Warehousing,senior,12,12,full_time,employed,Fictional Previous Employer R (sample),Logistics Coordinator,,,,Inventory planning; Procurement; Vendor management,Public speaking; Negotiation; Time management,SAP MM; Excel,English; Urdu; Hindi,masters,Supply Chain Management,Sample University (fictional),2013,,,,true,supply_chain,Resume and LinkedIn profile; Scholarship applications; Career planning,fresh_graduates; career_changers,one_on_one; group,online; in_person,English; Urdu,4,monthly,6_months,true,false,false,true,false,true,false,false,false,false,false,true,true,free,0,,India,Gujarat,Ahmedabad,,onsite,false,true,Asia/Kolkata,sunday; weekdays,afternoon,available,2026-10-03,unknown,,,,,not_offered,,,,,mentorship; career_advice,false,false,test_environment_only,not_applicable,,unverified,none,,2026-10-03,synthetic_generator_v1,,2026-10-03,2026-10-03,SYNTHETIC TEST RECORD – not a real person; must never appear in public search results.
PRO-SAMPLE-0239,sample,sample_only,Sample Professional 0239,Sample 0239,[SAMPLE] Head of Operations – Distribution planning,Synthetic test profile for application development. Represents a lead head of operations in logistics. Not a real person.,,,,,,,,in_platform_request,not_applicable,not_applicable,Sample Community Organisation (fictional),volunteer_mentor,Lucknow,true,true,true,Head of Operations,Fictional Logistics Company I (sample),Logistics,supply_chain,Distribution planning,lead,20,22,full_time,employed,Fictional Previous Employer S (sample),Logistics Coordinator,,,,Inventory planning; Procurement; Vendor management,Negotiation; Leadership; Teamwork,SAP MM; Excel,English; Urdu; Hindi,masters,Supply Chain Management,Sample University (fictional),2005,,,,true,supply_chain,Scholarship applications; Switching careers; Skill roadmap,early_career_professionals; postgraduate_students,one_on_one,online; in_person,English; Urdu,5,fortnightly,1_month,true,true,false,true,false,false,false,false,false,true,false,true,true,free,0,,India,Uttar Pradesh,Lucknow,,hybrid,true,true,Asia/Kolkata,sunday; weekdays,evening,available,2026-10-03,unknown,,,,,not_offered,,,,,mentorship; career_advice,false,false,test_environment_only,not_applicable,,unverified,none,,2026-10-03,synthetic_generator_v1,,2026-10-03,2026-10-03,SYNTHETIC TEST RECORD – not a real person; must never appear in public search results.
PRO-SAMPLE-0240,sample,sample_only,Sample Professional 0240,Sample 0240,[SAMPLE] Head of Operations – Procurement,Synthetic test profile for application development. Represents a executive head of operations in logistics. Not a real person.,,,,,,,,in_platform_request,not_applicable,not_applicable,Sample Community Organisation (fictional),member,Kolkata,true,true,true,Head of Operations,Fictional Logistics Company J (sample),Logistics,supply_chain,Procurement,executive,28,30,full_time,employed,Fictional Previous Employer T (sample),Logistics Coordinator,,,,Inventory planning; Procurement; Vendor management,Negotiation; Mentoring; Leadership,SAP MM; Excel,English; Urdu; Hindi,masters,Supply Chain Management,Sample University (fictional),1998,,,,true,supply_chain,Freelancing basics; Higher studies abroad; Skill roadmap,women_returning_to_work; undergraduate_students,one_on_one; group,online,English; Urdu,2,fortnightly,1_month,true,true,true,true,false,true,false,false,false,true,false,false,true,free,0,,India,West Bengal,Kolkata,,onsite,true,false,Asia/Kolkata,saturday; sunday,afternoon,available,2026-10-03,unknown,,,,,not_offered,,,,,mentorship; career_advice,false,false,test_environment_only,not_applicable,,unverified,none,,2026-10-03,synthetic_generator_v1,,2026-10-03,2026-10-03,SYNTHETIC TEST RECORD – not a real person; must never appear in public search results.
PRO-SAMPLE-0241,sample,sample_only,Sample Professional 0241,Sample 0241,[SAMPLE] Production Engineer – Lean manufacturing,Synthetic test profile for application development. Represents a entry level production engineer in manufacturing. Not a real person.,,,,,,,,in_platform_request,not_applicable,not_applicable,Sample Community Organisation (fictional),volunteer_mentor,Bengaluru,true,false,true,Production Engineer,Fictional Manufacturing Company A (sample),Manufacturing,operations,Lean manufacturing,entry_level,1,1,full_time,employed,,,,,,Lean; Six Sigma; Production planning,Negotiation; Public speaking; Communication,ERP systems; Minitab,English; Urdu; Hindi,bachelors,Mechanical Engineering,Sample University (fictional),2024,,,,false,,,,,,English; Urdu,0,,,false,false,false,false,false,false,false,false,false,false,false,true,false,,,,India,Karnataka,Bengaluru,,hybrid,false,false,Asia/Kolkata,weekdays; friday,afternoon,not_available,2026-10-03,unknown,,,,,not_offered,,,,,networking,false,false,test_environment_only,not_applicable,,unverified,none,,2026-10-03,synthetic_generator_v1,,2026-10-03,2026-10-03,SYNTHETIC TEST RECORD – not a real person; must never appear in public search results.
PRO-SAMPLE-0242,sample,sample_only,Sample Professional 0242,Sample 0242,[SAMPLE] Plant Manager – Quality assurance,Synthetic test profile for application development. Represents a mid level plant manager in manufacturing. Not a real person.,,,,,,,,in_platform_request,not_applicable,not_applicable,Sample Community Organisation (fictional),member,Hyderabad,false,true,true,Plant Manager,Fictional Manufacturing Company B (sample),Manufacturing,operations,Quality assurance,mid_level,5,7,full_time,employed,Fictional Previous Employer L (sample),Production Engineer,,,,Lean; Six Sigma; Production planning,Problem solving; Leadership; Time management,ERP systems; Minitab,English; Urdu; Hindi,bachelors,Mechanical Engineering,Sample University (fictional),2020,,,,true,operations,Starting a business; First job search; Higher studies abroad,school_students; early_career_professionals,one_on_one; group,online,English; Urdu,3,fortnightly,3_months,true,true,true,true,false,true,false,true,false,true,false,true,true,free,0,,India,Telangana,Hyderabad,,remote,true,false,Asia/Kolkata,sunday; saturday,afternoon,available,2026-10-03,unknown,,,,,not_offered,,,,,mentorship; career_advice,false,false,test_environment_only,not_applicable,,unverified,none,,2026-10-03,synthetic_generator_v1,,2026-10-03,2026-10-03,SYNTHETIC TEST RECORD – not a real person; must never appear in public search results.
PRO-SAMPLE-0243,sample,sample_only,Sample Professional 0243,Sample 0243,[SAMPLE] Plant Manager – Plant operations,Synthetic test profile for application development. Represents a senior plant manager in manufacturing. Not a real person.,,,,,,,,in_platform_request,not_applicable,not_applicable,Sample Community Organisation (fictional),event_volunteer,London,true,true,true,Plant Manager,Fictional Manufacturing Company C (sample),Manufacturing,operations,Plant operations,senior,14,15,full_time,employed,Fictional Previous Employer M (sample),Production Engineer,,,,Lean; Six Sigma; Production planning,Leadership; Communication; Mentoring,ERP systems; Minitab,English,masters,Mechanical Engineering,Sample University (fictional),2012,,,,true,operations,Skill roadmap; Starting a business; Interview preparation,school_students; postgraduate_students,one_on_one,online,English,2,weekly,3_months,true,true,true,false,false,false,false,false,false,false,false,true,true,free,0,,United Kingdom,England,London,,hybrid,true,false,Europe/London,sunday; saturday,evening,available,2026-10-03,unknown,,,,,not_offered,,,,,mentorship; career_advice,false,false,test_environment_only,not_applicable,,unverified,none,,2026-10-03,synthetic_generator_v1,,2026-10-03,2026-10-03,SYNTHETIC TEST RECORD – not a real person; must never appear in public search results.
PRO-SAMPLE-0244,sample,sample_only,Sample Professional 0244,Sample 0244,[SAMPLE] VP Operations – Lean manufacturing,Synthetic test profile for application development. Represents a lead vp operations in manufacturing. Not a real person.,,,,,,,,in_platform_request,not_applicable,not_applicable,Sample Community Organisation (fictional),event_volunteer,Hyderabad,true,true,false,VP Operations,Fictional Manufacturing Company D (sample),Manufacturing,operations,Lean manufacturing,lead,18,20,full_time,employed,Fictional Previous Employer N (sample),Production Engineer,,,,Lean; Six Sigma; Production planning,Leadership; Mentoring; Public speaking,ERP systems; Minitab,English; Urdu; Hindi,masters,Mechanical Engineering,Sample University (fictional),2007,,,,true,operations,Interview preparation; Resume and LinkedIn profile; Skill roadmap,postgraduate_students; career_changers,one_on_one,online,English; Urdu,4,weekly,3_months,true,true,false,true,false,true,false,false,true,true,false,true,true,free,0,,India,Telangana,Hyderabad,,onsite,true,false,Asia/Kolkata,sunday; weekdays,morning,available,2026-10-03,unknown,,,,,not_offered,,,,,mentorship; career_advice,false,false,test_environment_only,not_applicable,,unverified,none,,2026-10-03,synthetic_generator_v1,,2026-10-03,2026-10-03,SYNTHETIC TEST RECORD – not a real person; must never appear in public search results.
PRO-SAMPLE-0245,sample,sample_only,Sample Professional 0245,Sample 0245,[SAMPLE] VP Operations – Quality assurance,Synthetic test profile for application development. Represents a executive vp operations in manufacturing. Not a real person.,,,,,,,,in_platform_request,not_applicable,not_applicable,Sample Community Organisation (fictional),volunteer_mentor,Ahmedabad,true,true,true,VP Operations,Fictional Manufacturing Company E (sample),Manufacturing,operations,Quality assurance,executive,18,20,full_time,employed,Fictional Previous Employer O (sample),Production Engineer,,,,Lean; Six Sigma; Production planning,Negotiation; Teamwork; Problem solving,ERP systems; Minitab,English; Urdu; Hindi,masters,Mechanical Engineering,Sample University (fictional),2008,,,,true,operations,Skill roadmap; Freelancing basics; Starting a business,school_students; early_career_professionals,one_on_one,online,English; Urdu,3,monthly,6_months,true,true,true,false,false,true,false,false,true,true,false,true,true,free,0,,India,Gujarat,Ahmedabad,,onsite,true,false,Asia/Kolkata,friday; saturday,morning,available,2026-10-03,unknown,,,,,not_offered,,,,,mentorship; career_advice,false,false,test_environment_only,not_applicable,,unverified,none,,2026-10-03,synthetic_generator_v1,,2026-10-03,2026-10-03,SYNTHETIC TEST RECORD – not a real person; must never appear in public search results.
PRO-SAMPLE-0246,sample,sample_only,Sample Professional 0246,Sample 0246,[SAMPLE] Production Engineer – Plant operations,Synthetic test profile for application development. Represents a entry level production engineer in manufacturing. Not a real person.,,,,,,,,in_platform_request,not_applicable,not_applicable,Sample Community Organisation (fictional),event_volunteer,Hyderabad,true,true,true,Production Engineer,Fictional Manufacturing Company F (sample),Manufacturing,operations,Plant operations,entry_level,3,3,full_time,employed,,,,,,Lean; Six Sigma; Production planning,Teamwork; Public speaking; Problem solving,ERP systems; Minitab,English; Urdu; Hindi,bachelors,Mechanical Engineering,Sample University (fictional),2023,,,,true,operations,Interview preparation; Skill roadmap; Higher studies abroad,school_students; career_changers,one_on_one; group,online; in_person,English; Urdu,2,fortnightly,6_months,true,true,false,true,false,false,false,false,true,false,false,true,true,free,0,,India,Telangana,Hyderabad,,remote,true,true,Asia/Kolkata,weekdays; sunday,afternoon,available,2026-10-03,unknown,,,,,not_offered,,,,,mentorship; career_advice,false,false,test_environment_only,not_applicable,,unverified,none,,2026-10-03,synthetic_generator_v1,,2026-10-03,2026-10-03,SYNTHETIC TEST RECORD – not a real person; must never appear in public search results.
PRO-SAMPLE-0247,sample,sample_only,Sample Professional 0247,Sample 0247,[SAMPLE] Plant Manager – Lean manufacturing,Synthetic test profile for application development. Represents a mid level plant manager in manufacturing. Not a real person.,,,,,,,,in_platform_request,not_applicable,not_applicable,Sample Community Organisation (fictional),event_volunteer,Kargil,true,true,true,Plant Manager,Fictional Manufacturing Company G (sample),Manufacturing,operations,Lean manufacturing,mid_level,4,4,full_time,employed,Fictional Previous Employer Q (sample),Production Engineer,,,,Lean; Six Sigma; Production planning,Public speaking; Leadership; Problem solving,ERP systems; Minitab,English; Urdu; Hindi,bachelors,Mechanical Engineering,Sample University (fictional),2022,,,,true,operations,First job search; Switching careers; Scholarship applications,school_students; career_changers,one_on_one,online; in_person,English; Urdu,1,monthly,6_months,true,false,false,false,false,true,false,false,false,false,false,false,true,free,0,,India,Ladakh,Kargil,,hybrid,true,true,Asia/Kolkata,friday; saturday,afternoon,available,2026-10-03,unknown,,,,,not_offered,,,,,mentorship; career_advice,false,false,test_environment_only,not_applicable,,unverified,none,,2026-10-03,synthetic_generator_v1,,2026-10-03,2026-10-03,SYNTHETIC TEST RECORD – not a real person; must never appear in public search results.
PRO-SAMPLE-0248,sample,sample_only,Sample Professional 0248,Sample 0248,[SAMPLE] Plant Manager – Quality assurance,Synthetic test profile for application development. Represents a senior plant manager in manufacturing. Not a real person.,,,,,,,,in_platform_request,not_applicable,not_applicable,Sample Community Organisation (fictional),member,Kolkata,true,true,false,Plant Manager,Fictional Manufacturing Company H (sample),Manufacturing,operations,Quality assurance,senior,11,12,full_time,employed,Fictional Previous Employer R (sample),Production Engineer,,,,Lean; Six Sigma; Production planning,Negotiation; Teamwork; Mentoring,ERP systems; Minitab,English; Urdu; Hindi,masters,Mechanical Engineering,Sample University (fictional),2015,,,,true,operations,Interview preparation; Switching careers; Scholarship applications,school_students; women_returning_to_work,one_on_one; group,online,English; Urdu,3,monthly,1_month,true,true,true,true,false,false,false,false,true,true,false,true,true,free,0,,India,West Bengal,Kolkata,,hybrid,true,false,Asia/Kolkata,friday; saturday,evening,available,2026-10-03,unknown,,,,,not_offered,,,,,mentorship; career_advice,false,false,test_environment_only,not_applicable,,unverified,none,,2026-10-03,synthetic_generator_v1,,2026-10-03,2026-10-03,SYNTHETIC TEST RECORD – not a real person; must never appear in public search results.
PRO-SAMPLE-0249,sample,sample_only,Sample Professional 0249,Sample 0249,[SAMPLE] VP Operations – Plant operations,Synthetic test profile for application development. Represents a lead vp operations in manufacturing. Not a real person.,,,,,,,,in_platform_request,not_applicable,not_applicable,Sample Community Organisation (fictional),event_volunteer,Srinagar,true,true,false,VP Operations,Fictional Manufacturing Company I (sample),Manufacturing,operations,Plant operations,lead,15,16,full_time,employed,Fictional Previous Employer S (sample),Production Engineer,,,,Lean; Six Sigma; Production planning,Problem solving; Teamwork; Negotiation,ERP systems; Minitab,English; Urdu; Hindi,masters,Mechanical Engineering,Sample University (fictional),2010,,,,true,operations,Scholarship applications; Skill roadmap; Freelancing basics,women_returning_to_work; postgraduate_students,one_on_one; group,online,English; Urdu,4,fortnightly,3_months,true,false,true,true,false,true,false,true,false,false,false,true,true,free,0,,India,Jammu and Kashmir,Srinagar,,remote,true,false,Asia/Kolkata,friday; weekdays,evening,available,2026-10-03,unknown,,,,,not_offered,,,,,mentorship; career_advice,false,false,test_environment_only,not_applicable,,unverified,none,,2026-10-03,synthetic_generator_v1,,2026-10-03,2026-10-03,SYNTHETIC TEST RECORD – not a real person; must never appear in public search results.
PRO-SAMPLE-0250,sample,sample_only,Sample Professional 0250,Sample 0250,[SAMPLE] VP Operations – Lean manufacturing,Synthetic test profile for application development. Represents a executive vp operations in manufacturing. Not a real person.,,,,,,,,in_platform_request,not_applicable,not_applicable,Sample Community Organisation (fictional),volunteer_mentor,Lucknow,true,true,true,VP Operations,Fictional Manufacturing Company J (sample),Manufacturing,operations,Lean manufacturing,executive,19,21,full_time,employed,Fictional Previous Employer T (sample),Production Engineer,,,,Lean; Six Sigma; Production planning,Leadership; Problem solving; Communication,ERP systems; Minitab,English; Urdu; Hindi,masters,Mechanical Engineering,Sample University (fictional),2006,,,,true,operations,Interview preparation; Starting a business; Freelancing basics,fresh_graduates; postgraduate_students,one_on_one; group,online,English; Urdu,5,monthly,1_month,true,true,true,true,false,false,false,false,false,true,false,false,true,free,0,,India,Uttar Pradesh,Lucknow,,remote,true,false,Asia/Kolkata,saturday; weekdays,afternoon,available,2026-10-03,unknown,,,,,not_offered,,,,,mentorship; career_advice,false,false,test_environment_only,not_applicable,,unverified,none,,2026-10-03,synthetic_generator_v1,,2026-10-03,2026-10-03,SYNTHETIC TEST RECORD – not a real person; must never appear in public search results.
PRO-SAMPLE-0251,sample,sample_only,Sample Professional 0251,Sample 0251,[SAMPLE] Analyst – Strategy consulting,Synthetic test profile for application development. Represents a entry level analyst in consulting. Not a real person.,,,,,,,,in_platform_request,not_applicable,not_applicable,Sample Community Organisation (fictional),volunteer_mentor,Hyderabad,true,true,true,Analyst,Fictional Consulting Company A (sample),Consulting,consulting,Strategy consulting,entry_level,1,1,full_time,employed,,,,,,Problem structuring; Financial analysis; Presentations,Public speaking; Leadership; Problem solving,Excel; PowerPoint,English; Urdu; Hindi,bachelors,Management,Sample University (fictional),2024,,,,true,consulting,Higher studies abroad; Switching careers; First job search,career_changers; early_career_professionals,one_on_one,online; in_person,English; Urdu,3,monthly,ongoing,true,true,true,false,false,false,false,false,false,true,false,false,true,free,0,,India,Telangana,Hyderabad,,onsite,true,true,Asia/Kolkata,weekdays; saturday,evening,available,2026-10-03,unknown,,,,,not_offered,,,,,mentorship; career_advice,false,false,test_environment_only,not_applicable,,unverified,none,,2026-10-03,synthetic_generator_v1,,2026-10-03,2026-10-03,SYNTHETIC TEST RECORD – not a real person; must never appear in public search results.
PRO-SAMPLE-0252,sample,sample_only,Sample Professional 0252,Sample 0252,[SAMPLE] Consultant – Operations consulting,Synthetic test profile for application development. Represents a mid level consultant in consulting. Not a real person.,,,,,,,,in_platform_request,not_applicable,not_applicable,Sample Community Organisation (fictional),member,Ahmedabad,true,true,true,Consultant,Fictional Consulting Company B (sample),Consulting,consulting,Operations consulting,mid_level,7,8,full_time,employed,Fictional Previous Employer L (sample),Analyst,,,,Problem structuring; Financial analysis; Presentations,Time management; Problem solving; Leadership,Excel; PowerPoint,English; Urdu; Hindi,bachelors,Management,Sample University (fictional),2019,,,,true,consulting,Switching careers; Higher studies abroad; Resume and LinkedIn profile,career_changers; postgraduate_students,one_on_one,online,English; Urdu,3,fortnightly,6_months,true,true,false,true,false,false,false,true,false,true,false,true,true,free,0,,India,Gujarat,Ahmedabad,,remote,true,false,Asia/Kolkata,sunday; friday,afternoon,available,2026-10-03,unknown,,,,,not_offered,,,,,mentorship; career_advice,false,false,test_environment_only,not_applicable,,unverified,none,,2026-10-03,synthetic_generator_v1,,2026-10-03,2026-10-03,SYNTHETIC TEST RECORD – not a real person; must never appear in public search results.
PRO-SAMPLE-0253,sample,sample_only,Sample Professional 0253,Sample 0253,[SAMPLE] Consultant – Technology consulting,Synthetic test profile for application development. Represents a senior consultant in consulting. Not a real person.,,,,,,,,in_platform_request,not_applicable,not_applicable,Sample Community Organisation (fictional),volunteer_mentor,Dubai,true,true,true,Consultant,Fictional Consulting Company C (sample),Consulting,consulting,Technology consulting,senior,13,15,full_time,employed,Fictional Previous Employer M (sample),Analyst,,,,Problem structuring; Financial analysis; Presentations,Problem solving; Negotiation; Communication,Excel; PowerPoint,English; Arabic,masters,Management,Sample University (fictional),2013,,,,true,consulting,Resume and LinkedIn profile; Career planning; Freelancing basics,career_changers; undergraduate_students,one_on_one; group,online; in_person,English,2,monthly,1_month,true,true,true,true,false,false,false,true,false,true,false,false,true,free,0,,United Arab Emirates,Dubai,Dubai,,onsite,true,true,Asia/Dubai,sunday; friday,morning,available,2026-10-03,unknown,,,,,not_offered,,,,,mentorship; career_advice,false,false,test_environment_only,not_applicable,,unverified,none,,2026-10-03,synthetic_generator_v1,,2026-10-03,2026-10-03,SYNTHETIC TEST RECORD – not a real person; must never appear in public search results.
PRO-SAMPLE-0254,sample,sample_only,Sample Professional 0254,Sample 0254,[SAMPLE] Engagement Manager – Strategy consulting,Synthetic test profile for application development. Represents a lead engagement manager in consulting. Not a real person.,,,,,,,,in_platform_request,not_applicable,not_applicable,Sample Community Organisation (fictional),volunteer_mentor,Ahmedabad,true,true,false,Engagement Manager,Fictional Consulting Company D (sample),Consulting,consulting,Strategy consulting,lead,15,15,full_time,employed,Fictional Previous Employer N (sample),Analyst,,,,Problem structuring; Financial analysis; Presentations,Leadership; Negotiation; Public speaking,Excel; PowerPoint,English; Urdu; Hindi,masters,Management,Sample University (fictional),2010,,,,true,consulting,First job search; Career planning; Higher studies abroad,career_changers; undergraduate_students,one_on_one; group,online; in_person,English; Urdu,4,monthly,1_month,true,true,true,false,false,false,false,false,false,true,false,true,true,free,0,,India,Gujarat,Ahmedabad,,hybrid,true,true,Asia/Kolkata,friday; weekdays,afternoon,available,2026-10-03,unknown,,,,,not_offered,,,,,mentorship; career_advice,false,false,test_environment_only,not_applicable,,unverified,none,,2026-10-03,synthetic_generator_v1,,2026-10-03,2026-10-03,SYNTHETIC TEST RECORD – not a real person; must never appear in public search results.
PRO-SAMPLE-0255,sample,sample_only,Sample Professional 0255,Sample 0255,[SAMPLE] Engagement Manager – Operations consulting,Synthetic test profile for application development. Represents a executive engagement manager in consulting. Not a real person.,,,,,,,,in_platform_request,not_applicable,not_applicable,Sample Community Organisation (fictional),volunteer_mentor,Dubai,true,true,true,Engagement Manager,Fictional Consulting Company E (sample),Consulting,consulting,Operations consulting,executive,24,25,full_time,employed,Fictional Previous Employer O (sample),Analyst,,,,Problem structuring; Financial analysis; Presentations,Time management; Public speaking; Leadership,Excel; PowerPoint,English; Arabic,masters,Management,Sample University (fictional),2002,,,,true,consulting,Switching careers; Freelancing basics; Interview preparation,fresh_graduates; early_career_professionals,one_on_one,online; in_person,English,4,fortnightly,1_month,true,true,false,false,false,true,false,false,false,true,false,true,true,free,0,,United Arab Emirates,Dubai,Dubai,,onsite,true,true,Asia/Dubai,sunday; weekdays,morning,available,2026-10-03,unknown,,,,,not_offered,,,,,mentorship; career_advice,false,false,test_environment_only,not_applicable,,unverified,none,,2026-10-03,synthetic_generator_v1,,2026-10-03,2026-10-03,SYNTHETIC TEST RECORD – not a real person; must never appear in public search results.
PRO-SAMPLE-0256,sample,sample_only,Sample Professional 0256,Sample 0256,[SAMPLE] Analyst – Technology consulting,Synthetic test profile for application development. Represents a entry level analyst in consulting. Not a real person.,,,,,,,,in_platform_request,not_applicable,not_applicable,Sample Community Organisation (fictional),member,Mumbai,false,false,true,Analyst,Fictional Consulting Company F (sample),Consulting,consulting,Technology consulting,entry_level,2,2,full_time,employed,,,,,,Problem structuring; Financial analysis; Presentations,Leadership; Public speaking; Teamwork,Excel; PowerPoint,English; Urdu; Hindi,bachelors,Management,Sample University (fictional),2024,,,,false,,,,,,English; Urdu,0,,,false,false,false,false,false,false,false,false,false,false,false,true,false,,,,India,Maharashtra,Mumbai,,remote,false,false,Asia/Kolkata,sunday; weekdays,evening,not_available,2026-10-03,unknown,,,,,not_offered,,,,,networking,false,false,test_environment_only,not_applicable,,unverified,none,,2026-10-03,synthetic_generator_v1,,2026-10-03,2026-10-03,SYNTHETIC TEST RECORD – not a real person; must never appear in public search results.
PRO-SAMPLE-0257,sample,sample_only,Sample Professional 0257,Sample 0257,[SAMPLE] Consultant – Strategy consulting,Synthetic test profile for application development. Represents a mid level consultant in consulting. Not a real person.,,,,,,,,in_platform_request,not_applicable,not_applicable,Sample Community Organisation (fictional),event_volunteer,Lucknow,true,true,true,Consultant,Fictional Consulting Company G (sample),Consulting,consulting,Strategy consulting,mid_level,4,4,full_time,employed,Fictional Previous Employer Q (sample),Analyst,,,,Problem structuring; Financial analysis; Presentations,Time management; Leadership; Communication,Excel; PowerPoint,English; Urdu; Hindi,bachelors,Management,Sample University (fictional),2022,,,,true,consulting,Interview preparation; Career planning; Starting a business,career_changers; early_career_professionals,one_on_one; group,online,English; Urdu,4,weekly,6_months,true,true,true,true,false,false,false,false,false,false,false,false,true,free,0,,India,Uttar Pradesh,Lucknow,,hybrid,true,false,Asia/Kolkata,friday; saturday,morning,available,2026-10-03,unknown,,,,,not_offered,,,,,mentorship; career_advice,false,false,test_environment_only,not_applicable,,unverified,none,,2026-10-03,synthetic_generator_v1,,2026-10-03,2026-10-03,SYNTHETIC TEST RECORD – not a real person; must never appear in public search results.
PRO-SAMPLE-0258,sample,sample_only,Sample Professional 0258,Sample 0258,[SAMPLE] Consultant – Operations consulting,Synthetic test profile for application development. Represents a senior consultant in consulting. Not a real person.,,,,,,,,in_platform_request,not_applicable,not_applicable,Sample Community Organisation (fictional),volunteer_mentor,Dubai,true,true,false,Consultant,Fictional Consulting Company H (sample),Consulting,consulting,Operations consulting,senior,13,13,full_time,employed,Fictional Previous Employer R (sample),Analyst,,,,Problem structuring; Financial analysis; Presentations,Leadership; Time management; Mentoring,Excel; PowerPoint,English; Arabic,masters,Management,Sample University (fictional),2012,,,,true,consulting,Skill roadmap; Higher studies abroad; Interview preparation,early_career_professionals; school_students,one_on_one,online,English,4,monthly,ongoing,true,true,false,true,false,false,false,false,false,true,false,true,true,free,0,,United Arab Emirates,Dubai,Dubai,,remote,true,false,Asia/Dubai,weekdays; friday,afternoon,available,2026-10-03,unknown,,,,,not_offered,,,,,mentorship; career_advice,false,false,test_environment_only,not_applicable,,unverified,none,,2026-10-03,synthetic_generator_v1,,2026-10-03,2026-10-03,SYNTHETIC TEST RECORD – not a real person; must never appear in public search results.
PRO-SAMPLE-0259,sample,sample_only,Sample Professional 0259,Sample 0259,[SAMPLE] Engagement Manager – Technology consulting,Synthetic test profile for application development. Represents a lead engagement manager in consulting. Not a real person.,,,,,,,,in_platform_request,not_applicable,not_applicable,Sample Community Organisation (fictional),member,Toronto,true,true,true,Engagement Manager,Fictional Consulting Company I (sample),Consulting,consulting,Technology consulting,lead,15,17,full_time,employed,Fictional Previous Employer S (sample),Analyst,,,,Problem structuring; Financial analysis; Presentations,Leadership; Communication; Problem solving,Excel; PowerPoint,English,masters,Management,Sample University (fictional),2011,,,,true,consulting,Higher studies abroad; Switching careers; First job search,postgraduate_students; career_changers,one_on_one; group,online; in_person,English,4,monthly,3_months,true,false,false,true,false,false,false,true,true,true,false,true,true,free,0,,Canada,Ontario,Toronto,,remote,true,true,America/Toronto,sunday; saturday,afternoon,available,2026-10-03,unknown,,,,,not_offered,,,,,mentorship; career_advice,false,false,test_environment_only,not_applicable,,unverified,none,,2026-10-03,synthetic_generator_v1,,2026-10-03,2026-10-03,SYNTHETIC TEST RECORD – not a real person; must never appear in public search results.
PRO-SAMPLE-0260,sample,sample_only,Sample Professional 0260,Sample 0260,[SAMPLE] Engagement Manager – Strategy consulting,Synthetic test profile for application development. Represents a executive engagement manager in consulting. Not a real person.,,,,,,,,in_platform_request,not_applicable,not_applicable,Sample Community Organisation (fictional),event_volunteer,Toronto,true,true,true,Engagement Manager,Fictional Consulting Company J (sample),Consulting,consulting,Strategy consulting,executive,21,21,full_time,employed,Fictional Previous Employer T (sample),Analyst,,,,Problem structuring; Financial analysis; Presentations,Leadership; Public speaking; Mentoring,Excel; PowerPoint,English,masters,Management,Sample University (fictional),2005,,,,true,consulting,Career planning; Switching careers; Freelancing basics,women_returning_to_work; school_students,one_on_one; group,online,English,5,weekly,1_month,true,true,false,true,false,true,false,false,false,false,false,true,true,free,0,,Canada,Ontario,Toronto,,onsite,true,false,America/Toronto,saturday; sunday,morning,available,2026-10-03,unknown,,,,,not_offered,,,,,mentorship; career_advice,false,false,test_environment_only,not_applicable,,unverified,none,,2026-10-03,synthetic_generator_v1,,2026-10-03,2026-10-03,SYNTHETIC TEST RECORD – not a real person; must never appear in public search results.
PRO-SAMPLE-0261,sample,sample_only,Sample Professional 0261,Sample 0261,[SAMPLE] Front Office Executive – Hotel operations,Synthetic test profile for application development. Represents a entry level front office executive in hospitality. Not a real person.,,,,,,,,in_platform_request,not_applicable,not_applicable,Sample Community Organisation (fictional),event_volunteer,Patna,false,true,true,Front Office Executive,Fictional Hospitality Company A (sample),Hospitality,hospitality_tourism,Hotel operations,entry_level,1,1,full_time,employed,,,,,,Guest relations; Operations; Revenue management,Leadership; Problem solving; Communication,Property management systems,English; Urdu; Hindi,bachelors,Hotel Management,Sample University (fictional),2024,,,,true,hospitality_tourism,Scholarship applications; Starting a business; Switching careers,career_changers; women_returning_to_work,one_on_one; group,online,English; Urdu,1,fortnightly,1_month,true,true,false,false,false,false,false,false,true,false,false,false,true,free,0,,India,Bihar,Patna,,remote,true,false,Asia/Kolkata,saturday; friday,afternoon,available,2026-10-03,unknown,,,,,not_offered,,,,,mentorship; career_advice,false,false,test_environment_only,not_applicable,,unverified,none,,2026-10-03,synthetic_generator_v1,,2026-10-03,2026-10-03,SYNTHETIC TEST RECORD – not a real person; must never appear in public search results.
PRO-SAMPLE-0262,sample,sample_only,Sample Professional 0262,Sample 0262,[SAMPLE] Hotel Operations Manager – Travel and pilgrimage tourism,Synthetic test profile for application development. Represents a mid level hotel operations manager in hospitality. Not a real person.,,,,,,,,in_platform_request,not_applicable,not_applicable,Sample Community Organisation (fictional),volunteer_mentor,Chennai,true,true,true,Hotel Operations Manager,Fictional Hospitality Company B (sample),Hospitality,hospitality_tourism,Travel and pilgrimage tourism,mid_level,5,5,full_time,employed,Fictional Previous Employer L (sample),Front Office Executive,,,,Guest relations; Operations; Revenue management,Teamwork; Communication; Leadership,Property management systems,English; Urdu; Hindi,bachelors,Hotel Management,Sample University (fictional),2020,,,,true,hospitality_tourism,First job search; Starting a business; Freelancing basics,fresh_graduates; early_career_professionals,one_on_one; group,online,English; Urdu,2,fortnightly,1_month,true,false,false,true,false,false,false,false,true,true,false,false,true,free,0,,India,Tamil Nadu,Chennai,,hybrid,true,false,Asia/Kolkata,friday; saturday,morning,available,2026-10-03,unknown,,,,,not_offered,,,,,mentorship; career_advice,false,false,test_environment_only,not_applicable,,unverified,none,,2026-10-03,synthetic_generator_v1,,2026-10-03,2026-10-03,SYNTHETIC TEST RECORD – not a real person; must never appear in public search results.
PRO-SAMPLE-0263,sample,sample_only,Sample Professional 0263,Sample 0263,[SAMPLE] Hotel Operations Manager – Food and beverage,Synthetic test profile for application development. Represents a senior hotel operations manager in hospitality. Not a real person.,,,,,,,,in_platform_request,not_applicable,not_applicable,Sample Community Organisation (fictional),event_volunteer,London,true,true,true,Hotel Operations Manager,Fictional Hospitality Company C (sample),Hospitality,hospitality_tourism,Food and beverage,senior,13,13,full_time,employed,Fictional Previous Employer M (sample),Front Office Executive,,,,Guest relations; Operations; Revenue management,Communication; Mentoring; Public speaking,Property management systems,English,masters,Hotel Management,Sample University (fictional),2013,,,,true,hospitality_tourism,Scholarship applications; First job search; Switching careers,undergraduate_students; career_changers,one_on_one,online; in_person,English,3,weekly,3_months,true,true,false,true,false,false,false,false,true,true,false,true,true,free,0,,United Kingdom,England,London,,remote,true,true,Europe/London,sunday; saturday,morning,available,2026-10-03,unknown,,,,,not_offered,,,,,mentorship; career_advice,false,false,test_environment_only,not_applicable,,unverified,none,,2026-10-03,synthetic_generator_v1,,2026-10-03,2026-10-03,SYNTHETIC TEST RECORD – not a real person; must never appear in public search results.
PRO-SAMPLE-0264,sample,sample_only,Sample Professional 0264,Sample 0264,[SAMPLE] General Manager – Hotel operations,Synthetic test profile for application development. Represents a lead general manager in hospitality. Not a real person.,,,,,,,,in_platform_request,not_applicable,not_applicable,Sample Community Organisation (fictional),member,Toronto,true,true,false,General Manager,Fictional Hospitality Company D (sample),Hospitality,hospitality_tourism,Hotel operations,lead,15,17,full_time,employed,Fictional Previous Employer N (sample),Front Office Executive,,,,Guest relations; Operations; Revenue management,Mentoring; Problem solving; Leadership,Property management systems,English,masters,Hotel Management,Sample University (fictional),2010,,,,true,hospitality_tourism,First job search; Scholarship applications; Resume and LinkedIn profile,undergraduate_students; early_career_professionals,one_on_one; group,online; in_person,English,5,fortnightly,ongoing,true,true,true,true,false,true,false,true,false,true,false,true,true,free,0,,Canada,Ontario,Toronto,,remote,false,true,America/Toronto,weekdays; saturday,morning,available,2026-10-03,unknown,,,,,not_offered,,,,,mentorship; career_advice,false,false,test_environment_only,not_applicable,,unverified,none,,2026-10-03,synthetic_generator_v1,,2026-10-03,2026-10-03,SYNTHETIC TEST RECORD – not a real person; must never appear in public search results.
PRO-SAMPLE-0265,sample,sample_only,Sample Professional 0265,Sample 0265,[SAMPLE] General Manager – Travel and pilgrimage tourism,Synthetic test profile for application development. Represents a executive general manager in hospitality. Not a real person.,,,,,,,,in_platform_request,not_applicable,not_applicable,Sample Community Organisation (fictional),member,Patna,true,true,true,General Manager,Fictional Hospitality Company E (sample),Hospitality,hospitality_tourism,Travel and pilgrimage tourism,executive,25,27,full_time,employed,Fictional Previous Employer O (sample),Front Office Executive,,,,Guest relations; Operations; Revenue management,Time management; Leadership; Public speaking,Property management systems,English; Urdu; Hindi,masters,Hotel Management,Sample University (fictional),2000,,,,true,hospitality_tourism,Switching careers; Starting a business; First job search,undergraduate_students; women_returning_to_work,one_on_one; group,online,English; Urdu,1,fortnightly,6_months,true,true,false,true,false,false,false,true,false,false,false,true,true,free,0,,India,Bihar,Patna,,remote,true,false,Asia/Kolkata,friday; saturday,morning,available,2026-10-03,unknown,,,,,not_offered,,,,,mentorship; career_advice,false,false,test_environment_only,not_applicable,,unverified,none,,2026-10-03,synthetic_generator_v1,,2026-10-03,2026-10-03,SYNTHETIC TEST RECORD – not a real person; must never appear in public search results.
PRO-SAMPLE-0266,sample,sample_only,Sample Professional 0266,Sample 0266,[SAMPLE] Front Office Executive – Food and beverage,Synthetic test profile for application development. Represents a entry level front office executive in hospitality. Not a real person.,,,,,,,,in_platform_request,not_applicable,not_applicable,Sample Community Organisation (fictional),volunteer_mentor,Kolkata,true,false,true,Front Office Executive,Fictional Hospitality Company F (sample),Hospitality,hospitality_tourism,Food and beverage,entry_level,2,2,full_time,employed,,,,,,Guest relations; Operations; Revenue management,Communication; Public speaking; Teamwork,Property management systems,English; Urdu; Hindi,bachelors,Hotel Management,Sample University (fictional),2024,,,,false,,,,,,English; Urdu,0,,,false,false,false,false,false,false,false,false,false,false,false,true,false,,,,India,West Bengal,Kolkata,,hybrid,false,false,Asia/Kolkata,weekdays; sunday,morning,not_available,2026-10-03,unknown,,,,,not_offered,,,,,networking,false,false,test_environment_only,not_applicable,,unverified,none,,2026-10-03,synthetic_generator_v1,,2026-10-03,2026-10-03,SYNTHETIC TEST RECORD – not a real person; must never appear in public search results.
PRO-SAMPLE-0267,sample,sample_only,Sample Professional 0267,Sample 0267,[SAMPLE] Hotel Operations Manager – Hotel operations,Synthetic test profile for application development. Represents a mid level hotel operations manager in hospitality. Not a real person.,,,,,,,,in_platform_request,not_applicable,not_applicable,Sample Community Organisation (fictional),event_volunteer,Ahmedabad,false,true,true,Hotel Operations Manager,Fictional Hospitality Company G (sample),Hospitality,hospitality_tourism,Hotel operations,mid_level,8,9,full_time,employed,Fictional Previous Employer Q (sample),Front Office Executive,,,,Guest relations; Operations; Revenue management,Mentoring; Teamwork; Communication,Property management systems,English; Urdu; Hindi,bachelors,Hotel Management,Sample University (fictional),2018,,,,true,hospitality_tourism,Resume and LinkedIn profile; First job search; Skill roadmap,postgraduate_students; fresh_graduates,one_on_one; group,online; in_person,English; Urdu,1,fortnightly,ongoing,true,true,false,false,false,false,false,false,false,true,false,false,true,free,0,,India,Gujarat,Ahmedabad,,onsite,true,true,Asia/Kolkata,saturday; weekdays,morning,available,2026-10-03,unknown,,,,,not_offered,,,,,mentorship; career_advice,false,false,test_environment_only,not_applicable,,unverified,none,,2026-10-03,synthetic_generator_v1,,2026-10-03,2026-10-03,SYNTHETIC TEST RECORD – not a real person; must never appear in public search results.
PRO-SAMPLE-0268,sample,sample_only,Sample Professional 0268,Sample 0268,[SAMPLE] Hotel Operations Manager – Travel and pilgrimage tourism,Synthetic test profile for application development. Represents a senior hotel operations manager in hospitality. Not a real person.,,,,,,,,in_platform_request,not_applicable,not_applicable,Sample Community Organisation (fictional),volunteer_mentor,Hyderabad,true,true,false,Hotel Operations Manager,Fictional Hospitality Company H (sample),Hospitality,hospitality_tourism,Travel and pilgrimage tourism,senior,10,11,full_time,employed,Fictional Previous Employer R (sample),Front Office Executive,,,,Guest relations; Operations; Revenue management,Problem solving; Negotiation; Communication,Property management systems,English; Urdu; Hindi,masters,Hotel Management,Sample University (fictional),2016,,,,true,hospitality_tourism,Interview preparation; Career planning; Higher studies abroad,early_career_professionals; postgraduate_students,one_on_one; group,online; in_person,English; Urdu,5,weekly,1_month,true,true,true,true,false,true,false,false,false,true,false,true,true,free,0,,India,Telangana,Hyderabad,,remote,false,true,Asia/Kolkata,sunday; friday,afternoon,available,2026-10-03,unknown,,,,,not_offered,,,,,mentorship; career_advice,false,false,test_environment_only,not_applicable,,unverified,none,,2026-10-03,synthetic_generator_v1,,2026-10-03,2026-10-03,SYNTHETIC TEST RECORD – not a real person; must never appear in public search results.
PRO-SAMPLE-0269,sample,sample_only,Sample Professional 0269,Sample 0269,[SAMPLE] General Manager – Food and beverage,Synthetic test profile for application development. Represents a lead general manager in hospitality. Not a real person.,,,,,,,,in_platform_request,not_applicable,not_applicable,Sample Community Organisation (fictional),member,Toronto,true,true,false,General Manager,Fictional Hospitality Company I (sample),Hospitality,hospitality_tourism,Food and beverage,lead,20,20,full_time,employed,Fictional Previous Employer S (sample),Front Office Executive,,,,Guest relations; Operations; Revenue management,Communication; Leadership; Mentoring,Property management systems,English,masters,Hotel Management,Sample University (fictional),2006,,,,true,hospitality_tourism,Freelancing basics; First job search; Resume and LinkedIn profile,early_career_professionals; postgraduate_students,one_on_one; group,online; in_person,English,2,fortnightly,6_months,true,true,false,false,false,false,false,true,true,true,false,true,true,free,0,,Canada,Ontario,Toronto,,remote,true,true,America/Toronto,saturday; friday,afternoon,available,2026-10-03,unknown,,,,,not_offered,,,,,mentorship; career_advice,false,false,test_environment_only,not_applicable,,unverified,none,,2026-10-03,synthetic_generator_v1,,2026-10-03,2026-10-03,SYNTHETIC TEST RECORD – not a real person; must never appear in public search results.
PRO-SAMPLE-0270,sample,sample_only,Sample Professional 0270,Sample 0270,[SAMPLE] General Manager – Hotel operations,Synthetic test profile for application development. Represents a executive general manager in hospitality. Not a real person.,,,,,,,,in_platform_request,not_applicable,not_applicable,Sample Community Organisation (fictional),member,Lucknow,true,true,true,General Manager,Fictional Hospitality Company J (sample),Hospitality,hospitality_tourism,Hotel operations,executive,26,26,full_time,employed,Fictional Previous Employer T (sample),Front Office Executive,,,,Guest relations; Operations; Revenue management,Public speaking; Mentoring; Communication,Property management systems,English; Urdu; Hindi,masters,Hotel Management,Sample University (fictional),1999,,,,true,hospitality_tourism,First job search; Freelancing basics; Switching careers,early_career_professionals; school_students,one_on_one; group,online,English; Urdu,3,fortnightly,3_months,true,true,false,false,false,false,false,true,true,true,false,false,true,free,0,,India,Uttar Pradesh,Lucknow,,hybrid,true,false,Asia/Kolkata,sunday; weekdays,afternoon,available,2026-10-03,unknown,,,,,not_offered,,,,,mentorship; career_advice,false,false,test_environment_only,not_applicable,,unverified,none,,2026-10-03,synthetic_generator_v1,,2026-10-03,2026-10-03,SYNTHETIC TEST RECORD – not a real person; must never appear in public search results.
PRO-SAMPLE-0271,sample,sample_only,Sample Professional 0271,Sample 0271,[SAMPLE] Electrician – Electrical installation,Synthetic test profile for application development. Represents a entry level electrician in skilled trades. Not a real person.,,,,,,,,in_platform_request,not_applicable,not_applicable,Sample Community Organisation (fictional),volunteer_mentor,London,true,true,true,Electrician,Fictional Skilled Trades Company A (sample),Skilled Trades,skilled_trades,Electrical installation,entry_level,2,2,full_time,employed,,,,,,Installation; Safety compliance; Troubleshooting,Leadership; Time management; Mentoring,Hand and power tools; Multimeters,English,diploma,Vocational training,Sample University (fictional),2023,,,,true,skilled_trades,Switching careers; Starting a business; Higher studies abroad,school_students; early_career_professionals,one_on_one; group,online,English,2,fortnightly,3_months,true,false,true,true,false,false,false,true,true,false,false,true,true,free,0,,United Kingdom,England,London,,hybrid,true,false,Europe/London,saturday; friday,morning,available,2026-10-03,unknown,,,,,not_offered,,,,,mentorship; career_advice,false,false,test_environment_only,not_applicable,,unverified,none,,2026-10-03,synthetic_generator_v1,,2026-10-03,2026-10-03,SYNTHETIC TEST RECORD – not a real person; must never appear in public search results.
PRO-SAMPLE-0272,sample,sample_only,Sample Professional 0272,Sample 0272,[SAMPLE] HVAC Technician – Refrigeration and AC,Synthetic test profile for application development. Represents a mid level hvac technician in skilled trades. Not a real person.,,,,,,,,in_platform_request,not_applicable,not_applicable,Sample Community Organisation (fictional),event_volunteer,Chennai,true,true,true,HVAC Technician,Fictional Skilled Trades Company B (sample),Skilled Trades,skilled_trades,Refrigeration and AC,mid_level,9,11,full_time,employed,Fictional Previous Employer L (sample),Electrician,,,,Installation; Safety compliance; Troubleshooting,Negotiation; Communication; Teamwork,Hand and power tools; Multimeters,English; Urdu; Hindi,diploma,Vocational training,Sample University (fictional),2016,,,,true,skilled_trades,Career planning; Scholarship applications; Starting a business,undergraduate_students; postgraduate_students,one_on_one; group,online,English; Urdu,5,monthly,3_months,true,true,false,false,false,false,false,false,false,true,false,true,true,free,0,,India,Tamil Nadu,Chennai,,onsite,true,false,Asia/Kolkata,saturday; weekdays,morning,available,2026-10-03,unknown,,,,,not_offered,,,,,mentorship; career_advice,false,false,test_environment_only,not_applicable,,unverified,none,,2026-10-03,synthetic_generator_v1,,2026-10-03,2026-10-03,SYNTHETIC TEST RECORD – not a real person; must never appear in public search results.
PRO-SAMPLE-0273,sample,sample_only,Sample Professional 0273,Sample 0273,[SAMPLE] HVAC Technician – Automotive repair,Synthetic test profile for application development. Represents a senior hvac technician in skilled trades. Not a real person.,,,,,,,,in_platform_request,not_applicable,not_applicable,Sample Community Organisation (fictional),member,Ahmedabad,true,true,false,HVAC Technician,Fictional Skilled Trades Company C (sample),Skilled Trades,skilled_trades,Automotive repair,senior,15,16,full_time,employed,Fictional Previous Employer M (sample),Electrician,,,,Installation; Safety compliance; Troubleshooting,Problem solving; Leadership; Mentoring,Hand and power tools; Multimeters,English; Urdu; Hindi,diploma,Vocational training,Sample University (fictional),2011,,,,true,skilled_trades,Starting a business; Higher studies abroad; Interview preparation,women_returning_to_work; career_changers,one_on_one,online; in_person,English; Urdu,4,weekly,1_month,true,false,true,false,false,false,false,false,false,true,false,true,true,free,0,,India,Gujarat,Ahmedabad,,onsite,true,true,Asia/Kolkata,saturday; friday,afternoon,available,2026-10-03,unknown,,,,,not_offered,,,,,mentorship; career_advice,false,false,test_environment_only,not_applicable,,unverified,none,,2026-10-03,synthetic_generator_v1,,2026-10-03,2026-10-03,SYNTHETIC TEST RECORD – not a real person; must never appear in public search results.
PRO-SAMPLE-0274,sample,sample_only,Sample Professional 0274,Sample 0274,[SAMPLE] Workshop Supervisor – Electrical installation,Synthetic test profile for application development. Represents a lead workshop supervisor in skilled trades. Not a real person.,,,,,,,,in_platform_request,not_applicable,not_applicable,Sample Community Organisation (fictional),event_volunteer,Mumbai,true,true,true,Workshop Supervisor,Fictional Skilled Trades Company D (sample),Skilled Trades,skilled_trades,Electrical installation,lead,12,13,full_time,employed,Fictional Previous Employer N (sample),Electrician,,,,Installation; Safety compliance; Troubleshooting,Communication; Time management; Teamwork,Hand and power tools; Multimeters,English; Urdu; Hindi,diploma,Vocational training,Sample University (fictional),2013,,,,true,skilled_trades,Starting a business; Switching careers; Higher studies abroad,women_returning_to_work; undergraduate_students,one_on_one,online; in_person,English; Urdu,3,weekly,6_months,true,true,false,false,false,false,false,false,false,false,false,true,true,free,0,,India,Maharashtra,Mumbai,,hybrid,true,true,Asia/Kolkata,weekdays; saturday,afternoon,available,2026-10-03,unknown,,,,,not_offered,,,,,mentorship; career_advice,false,false,test_environment_only,not_applicable,,unverified,none,,2026-10-03,synthetic_generator_v1,,2026-10-03,2026-10-03,SYNTHETIC TEST RECORD – not a real person; must never appear in public search results.
PRO-SAMPLE-0275,sample,sample_only,Sample Professional 0275,Sample 0275,[SAMPLE] Workshop Supervisor – Refrigeration and AC,Synthetic test profile for application development. Represents a executive workshop supervisor in skilled trades. Not a real person.,,,,,,,,in_platform_request,not_applicable,not_applicable,Sample Community Organisation (fictional),volunteer_mentor,Mumbai,true,true,false,Workshop Supervisor,Fictional Skilled Trades Company E (sample),Skilled Trades,skilled_trades,Refrigeration and AC,executive,27,29,full_time,employed,Fictional Previous Employer O (sample),Electrician,,,,Installation; Safety compliance; Troubleshooting,Problem solving; Teamwork; Mentoring,Hand and power tools; Multimeters,English; Urdu; Hindi,diploma,Vocational training,Sample University (fictional),1998,,,,true,skilled_trades,First job search; Skill roadmap; Switching careers,early_career_professionals; fresh_graduates,one_on_one,online; in_person,English; Urdu,3,monthly,ongoing,true,false,false,true,false,false,false,false,false,true,false,true,true,free,0,,India,Maharashtra,Mumbai,,remote,true,true,Asia/Kolkata,sunday; friday,evening,available,2026-10-03,unknown,,,,,not_offered,,,,,mentorship; career_advice,false,false,test_environment_only,not_applicable,,unverified,none,,2026-10-03,synthetic_generator_v1,,2026-10-03,2026-10-03,SYNTHETIC TEST RECORD – not a real person; must never appear in public search results.
PRO-SAMPLE-0276,sample,sample_only,Sample Professional 0276,Sample 0276,[SAMPLE] Electrician – Automotive repair,Synthetic test profile for application development. Represents a entry level electrician in skilled trades. Not a real person.,,,,,,,,in_platform_request,not_applicable,not_applicable,Sample Community Organisation (fictional),event_volunteer,Dubai,true,false,true,Electrician,Fictional Skilled Trades Company F (sample),Skilled Trades,skilled_trades,Automotive repair,entry_level,2,2,full_time,employed,,,,,,Installation; Safety compliance; Troubleshooting,Communication; Problem solving; Time management,Hand and power tools; Multimeters,English; Arabic,diploma,Vocational training,Sample University (fictional),2024,,,,false,,,,,,English,0,,,false,false,false,false,false,false,false,false,false,false,false,false,false,,,,United Arab Emirates,Dubai,Dubai,,hybrid,false,false,Asia/Dubai,weekdays; sunday,evening,not_available,2026-10-03,unknown,,,,,not_offered,,,,,networking,false,false,test_environment_only,not_applicable,,unverified,none,,2026-10-03,synthetic_generator_v1,,2026-10-03,2026-10-03,SYNTHETIC TEST RECORD – not a real person; must never appear in public search results.
PRO-SAMPLE-0277,sample,sample_only,Sample Professional 0277,Sample 0277,[SAMPLE] HVAC Technician – Electrical installation,Synthetic test profile for application development. Represents a mid level hvac technician in skilled trades. Not a real person.,,,,,,,,in_platform_request,not_applicable,not_applicable,Sample Community Organisation (fictional),member,Dubai,true,true,true,HVAC Technician,Fictional Skilled Trades Company G (sample),Skilled Trades,skilled_trades,Electrical installation,mid_level,5,6,full_time,employed,Fictional Previous Employer Q (sample),Electrician,,,,Installation; Safety compliance; Troubleshooting,Negotiation; Leadership; Problem solving,Hand and power tools; Multimeters,English; Arabic,diploma,Vocational training,Sample University (fictional),2021,,,,true,skilled_trades,Starting a business; Switching careers; Scholarship applications,undergraduate_students; career_changers,one_on_one,online; in_person,English,5,weekly,1_month,true,true,false,true,false,false,false,true,false,true,false,true,true,free,0,,United Arab Emirates,Dubai,Dubai,,onsite,true,true,Asia/Dubai,sunday; weekdays,afternoon,available,2026-10-03,unknown,,,,,not_offered,,,,,mentorship; career_advice,false,false,test_environment_only,not_applicable,,unverified,none,,2026-10-03,synthetic_generator_v1,,2026-10-03,2026-10-03,SYNTHETIC TEST RECORD – not a real person; must never appear in public search results.
PRO-SAMPLE-0278,sample,sample_only,Sample Professional 0278,Sample 0278,[SAMPLE] HVAC Technician – Refrigeration and AC,Synthetic test profile for application development. Represents a senior hvac technician in skilled trades. Not a real person.,,,,,,,,in_platform_request,not_applicable,not_applicable,Sample Community Organisation (fictional),event_volunteer,Ahmedabad,true,true,true,HVAC Technician,Fictional Skilled Trades Company H (sample),Skilled Trades,skilled_trades,Refrigeration and AC,senior,15,16,full_time,employed,Fictional Previous Employer R (sample),Electrician,,,,Installation; Safety compliance; Troubleshooting,Teamwork; Public speaking; Mentoring,Hand and power tools; Multimeters,English; Urdu; Hindi,diploma,Vocational training,Sample University (fictional),2011,,,,true,skilled_trades,Resume and LinkedIn profile; Starting a business; Skill roadmap,career_changers; postgraduate_students,one_on_one,online,English; Urdu,3,monthly,1_month,true,true,true,true,false,true,false,true,false,true,false,true,true,free,0,,India,Gujarat,Ahmedabad,,remote,true,false,Asia/Kolkata,friday; weekdays,afternoon,available,2026-10-03,unknown,,,,,not_offered,,,,,mentorship; career_advice,false,false,test_environment_only,not_applicable,,unverified,none,,2026-10-03,synthetic_generator_v1,,2026-10-03,2026-10-03,SYNTHETIC TEST RECORD – not a real person; must never appear in public search results.
PRO-SAMPLE-0279,sample,sample_only,Sample Professional 0279,Sample 0279,[SAMPLE] Workshop Supervisor – Automotive repair,Synthetic test profile for application development. Represents a lead workshop supervisor in skilled trades. Not a real person.,,,,,,,,in_platform_request,not_applicable,not_applicable,Sample Community Organisation (fictional),event_volunteer,New Delhi,true,true,false,Workshop Supervisor,Fictional Skilled Trades Company I (sample),Skilled Trades,skilled_trades,Automotive repair,lead,14,14,full_time,employed,Fictional Previous Employer S (sample),Electrician,,,,Installation; Safety compliance; Troubleshooting,Teamwork; Mentoring; Communication,Hand and power tools; Multimeters,English; Urdu; Hindi,diploma,Vocational training,Sample University (fictional),2012,,,,true,skilled_trades,Higher studies abroad; Starting a business; Switching careers,career_changers; fresh_graduates,one_on_one,online,English; Urdu,3,monthly,ongoing,true,false,true,true,false,false,false,false,false,false,false,true,true,free,0,,India,Delhi,New Delhi,,hybrid,true,false,Asia/Kolkata,saturday; sunday,morning,available,2026-10-03,unknown,,,,,not_offered,,,,,mentorship; career_advice,false,false,test_environment_only,not_applicable,,unverified,none,,2026-10-03,synthetic_generator_v1,,2026-10-03,2026-10-03,SYNTHETIC TEST RECORD – not a real person; must never appear in public search results.
PRO-SAMPLE-0280,sample,sample_only,Sample Professional 0280,Sample 0280,[SAMPLE] Workshop Supervisor – Electrical installation,Synthetic test profile for application development. Represents a executive workshop supervisor in skilled trades. Not a real person.,,,,,,,,in_platform_request,not_applicable,not_applicable,Sample Community Organisation (fictional),member,Chennai,true,true,true,Workshop Supervisor,Fictional Skilled Trades Company J (sample),Skilled Trades,skilled_trades,Electrical installation,executive,21,22,full_time,employed,Fictional Previous Employer T (sample),Electrician,,,,Installation; Safety compliance; Troubleshooting,Leadership; Problem solving; Mentoring,Hand and power tools; Multimeters,English; Urdu; Hindi,diploma,Vocational training,Sample University (fictional),2004,,,,true,skilled_trades,Resume and LinkedIn profile; Scholarship applications; Career planning,fresh_graduates; women_returning_to_work,one_on_one; group,online; in_person,English; Urdu,4,monthly,1_month,true,false,true,false,false,true,false,true,true,true,false,true,true,free,0,,India,Tamil Nadu,Chennai,,remote,true,true,Asia/Kolkata,saturday; sunday,evening,available,2026-10-03,unknown,,,,,not_offered,,,,,mentorship; career_advice,false,false,test_environment_only,not_applicable,,unverified,none,,2026-10-03,synthetic_generator_v1,,2026-10-03,2026-10-03,SYNTHETIC TEST RECORD – not a real person; must never appear in public search results.
PRO-SAMPLE-0281,sample,sample_only,Sample Professional 0281,Sample 0281,[SAMPLE] Freelance Designer – Web design,Synthetic test profile for application development. Represents a entry level freelance designer in freelancing. Not a real person.,,,,,,,,in_platform_request,not_applicable,not_applicable,Sample Community Organisation (fictional),event_volunteer,Kolkata,true,true,true,Freelance Designer,Fictional Freelancing Company A (sample),Freelancing,freelancing,Web design,entry_level,1,1,self_employed,self_employed,,,,,,Client management; Proposal writing; Pricing,Communication; Leadership; Time management,Upwork; Fiverr; Notion,English; Urdu; Hindi,bachelors,Design,Sample University (fictional),2025,,,,true,freelancing,Skill roadmap; First job search; Career planning,career_changers; postgraduate_students,one_on_one,online,English; Urdu,1,weekly,ongoing,true,true,false,true,true,false,false,false,false,true,false,true,true,free,0,,India,West Bengal,Kolkata,,onsite,true,false,Asia/Kolkata,sunday; weekdays,morning,available,2026-10-03,unknown,,,,,not_offered,,,,,mentorship; career_advice,false,false,test_environment_only,not_applicable,,unverified,none,,2026-10-03,synthetic_generator_v1,,2026-10-03,2026-10-03,SYNTHETIC TEST RECORD – not a real person; must never appear in public search results.
PRO-SAMPLE-0282,sample,sample_only,Sample Professional 0282,Sample 0282,[SAMPLE] Independent Consultant – Translation,Synthetic test profile for application development. Represents a mid level independent consultant in freelancing. Not a real person.,,,,,,,,in_platform_request,not_applicable,not_applicable,Sample Community Organisation (fictional),event_volunteer,Chennai,false,true,false,Independent Consultant,Fictional Freelancing Company B (sample),Freelancing,freelancing,Translation,mid_level,6,8,self_employed,self_employed,Fictional Previous Employer L (sample),Freelance Designer,,,,Client management; Proposal writing; Pricing,Public speaking; Communication; Time management,Upwork; Fiverr; Notion,English; Urdu; Hindi,bachelors,Design,Sample University (fictional),2019,,,,true,freelancing,Switching careers; Resume and LinkedIn profile; First job search,postgraduate_students; women_returning_to_work,one_on_one,online,English; Urdu,3,fortnightly,ongoing,true,true,false,true,true,false,false,true,true,true,false,true,true,free,0,,India,Tamil Nadu,Chennai,,hybrid,true,false,Asia/Kolkata,friday; weekdays,evening,available,2026-10-03,unknown,,,,,not_offered,,,,,mentorship; career_advice,false,false,test_environment_only,not_applicable,,unverified,none,,2026-10-03,synthetic_generator_v1,,2026-10-03,2026-10-03,SYNTHETIC TEST RECORD – not a real person; must never appear in public search results.
PRO-SAMPLE-0283,sample,sample_only,Sample Professional 0283,Sample 0283,[SAMPLE] Independent Consultant – Bookkeeping services,Synthetic test profile for application development. Represents a senior independent consultant in freelancing. Not a real person.,,,,,,,,in_platform_request,not_applicable,not_applicable,Sample Community Organisation (fictional),event_volunteer,Ahmedabad,true,true,false,Independent Consultant,Fictional Freelancing Company C (sample),Freelancing,freelancing,Bookkeeping services,senior,11,12,self_employed,self_employed,Fictional Previous Employer M (sample),Freelance Designer,,,,Client management; Proposal writing; Pricing,Problem solving; Leadership; Teamwork,Upwork; Fiverr; Notion,English; Urdu; Hindi,masters,Design,Sample University (fictional),2014,,,,true,freelancing,Skill roadmap; Resume and LinkedIn profile; Higher studies abroad,early_career_professionals; fresh_graduates,one_on_one,online; in_person,English; Urdu,3,monthly,1_month,true,false,false,false,true,false,false,false,true,true,false,true,true,free,0,,India,Gujarat,Ahmedabad,,hybrid,true,true,Asia/Kolkata,sunday; weekdays,evening,available,2026-10-03,unknown,,,,,not_offered,,,,,mentorship; career_advice,false,false,test_environment_only,not_applicable,,unverified,none,,2026-10-03,synthetic_generator_v1,,2026-10-03,2026-10-03,SYNTHETIC TEST RECORD – not a real person; must never appear in public search results.
PRO-SAMPLE-0284,sample,sample_only,Sample Professional 0284,Sample 0284,[SAMPLE] Freelance Developer – Web design,Synthetic test profile for application development. Represents a lead freelance developer in freelancing. Not a real person.,,,,,,,,in_platform_request,not_applicable,not_applicable,Sample Community Organisation (fictional),member,Chennai,false,true,false,Freelance Developer,Fictional Freelancing Company D (sample),Freelancing,freelancing,Web design,lead,19,21,self_employed,self_employed,Fictional Previous Employer N (sample),Freelance Designer,,,,Client management; Proposal writing; Pricing,Time management; Leadership; Negotiation,Upwork; Fiverr; Notion,English; Urdu; Hindi,masters,Design,Sample University (fictional),2006,,,,true,freelancing,Starting a business; Freelancing basics; Higher studies abroad,undergraduate_students; school_students,one_on_one; group,online,English; Urdu,3,monthly,1_month,true,true,false,true,true,false,false,false,false,true,false,true,true,free,0,,India,Tamil Nadu,Chennai,,onsite,true,false,Asia/Kolkata,weekdays; sunday,evening,available,2026-10-03,unknown,,,,,not_offered,,,,,mentorship; career_advice,false,false,test_environment_only,not_applicable,,unverified,none,,2026-10-03,synthetic_generator_v1,,2026-10-03,2026-10-03,SYNTHETIC TEST RECORD – not a real person; must never appear in public search results.
PRO-SAMPLE-0285,sample,sample_only,Sample Professional 0285,Sample 0285,[SAMPLE] Freelance Developer – Translation,Synthetic test profile for application development. Represents a executive freelance developer in freelancing. Not a real person.,,,,,,,,in_platform_request,not_applicable,not_applicable,Sample Community Organisation (fictional),volunteer_mentor,Kargil,true,true,true,Freelance Developer,Fictional Freelancing Company E (sample),Freelancing,freelancing,Translation,executive,19,19,self_employed,self_employed,Fictional Previous Employer O (sample),Freelance Designer,,,,Client management; Proposal writing; Pricing,Negotiation; Time management; Teamwork,Upwork; Fiverr; Notion,English; Urdu; Hindi,masters,Design,Sample University (fictional),2006,,,,true,freelancing,Interview preparation; Career planning; Resume and LinkedIn profile,career_changers; postgraduate_students,one_on_one,online,English; Urdu,3,monthly,6_months,true,true,false,true,true,false,false,false,false,true,false,true,true,free,0,,India,Ladakh,Kargil,,onsite,true,false,Asia/Kolkata,friday; weekdays,morning,available,2026-10-03,unknown,,,,,not_offered,,,,,mentorship; career_advice,false,false,test_environment_only,not_applicable,,unverified,none,,2026-10-03,synthetic_generator_v1,,2026-10-03,2026-10-03,SYNTHETIC TEST RECORD – not a real person; must never appear in public search results.
PRO-SAMPLE-0286,sample,sample_only,Sample Professional 0286,Sample 0286,[SAMPLE] Freelance Designer – Bookkeeping services,Synthetic test profile for application development. Represents a entry level freelance designer in freelancing. Not a real person.,,,,,,,,in_platform_request,not_applicable,not_applicable,Sample Community Organisation (fictional),member,Mumbai,false,false,true,Freelance Designer,Fictional Freelancing Company F (sample),Freelancing,freelancing,Bookkeeping services,entry_level,2,2,self_employed,self_employed,,,,,,Client management; Proposal writing; Pricing,Leadership; Public speaking; Negotiation,Upwork; Fiverr; Notion,English; Urdu; Hindi,bachelors,Design,Sample University (fictional),2023,,,,false,,,,,,English; Urdu,0,,,false,false,false,false,false,false,false,false,false,false,false,true,false,,,,India,Maharashtra,Mumbai,,remote,false,false,Asia/Kolkata,saturday; weekdays,afternoon,not_available,2026-10-03,unknown,,,,,not_offered,,,,,networking,false,false,test_environment_only,not_applicable,,unverified,none,,2026-10-03,synthetic_generator_v1,,2026-10-03,2026-10-03,SYNTHETIC TEST RECORD – not a real person; must never appear in public search results.
PRO-SAMPLE-0287,sample,sample_only,Sample Professional 0287,Sample 0287,[SAMPLE] Independent Consultant – Web design,Synthetic test profile for application development. Represents a mid level independent consultant in freelancing. Not a real person.,,,,,,,,in_platform_request,not_applicable,not_applicable,Sample Community Organisation (fictional),event_volunteer,Chennai,false,true,true,Independent Consultant,Fictional Freelancing Company G (sample),Freelancing,freelancing,Web design,mid_level,5,5,self_employed,self_employed,Fictional Previous Employer Q (sample),Freelance Designer,,,,Client management; Proposal writing; Pricing,Teamwork; Communication; Mentoring,Upwork; Fiverr; Notion,English; Urdu; Hindi,bachelors,Design,Sample University (fictional),2020,,,,true,freelancing,Career planning; Skill roadmap; First job search,postgraduate_students; women_returning_to_work,one_on_one,online; in_person,English; Urdu,2,weekly,1_month,true,true,false,true,true,true,false,false,false,true,false,true,true,free,0,,India,Tamil Nadu,Chennai,,hybrid,true,true,Asia/Kolkata,sunday; weekdays,morning,available,2026-10-03,unknown,,,,,not_offered,,,,,mentorship; career_advice,false,false,test_environment_only,not_applicable,,unverified,none,,2026-10-03,synthetic_generator_v1,,2026-10-03,2026-10-03,SYNTHETIC TEST RECORD – not a real person; must never appear in public search results.
PRO-SAMPLE-0288,sample,sample_only,Sample Professional 0288,Sample 0288,[SAMPLE] Independent Consultant – Translation,Synthetic test profile for application development. Represents a senior independent consultant in freelancing. Not a real person.,,,,,,,,in_platform_request,not_applicable,not_applicable,Sample Community Organisation (fictional),member,Patna,false,true,true,Independent Consultant,Fictional Freelancing Company H (sample),Freelancing,freelancing,Translation,senior,10,11,self_employed,self_employed,Fictional Previous Employer R (sample),Freelance Designer,,,,Client management; Proposal writing; Pricing,Public speaking; Time management; Leadership,Upwork; Fiverr; Notion,English; Urdu; Hindi,masters,Design,Sample University (fictional),2015,,,,true,freelancing,Starting a business; First job search; Higher studies abroad,postgraduate_students; school_students,one_on_one,online; in_person,English; Urdu,4,weekly,1_month,true,false,false,true,true,true,false,true,false,false,false,true,true,free,0,,India,Bihar,Patna,,remote,false,true,Asia/Kolkata,saturday; weekdays,afternoon,available,2026-10-03,unknown,,,,,not_offered,,,,,mentorship; career_advice,false,false,test_environment_only,not_applicable,,unverified,none,,2026-10-03,synthetic_generator_v1,,2026-10-03,2026-10-03,SYNTHETIC TEST RECORD – not a real person; must never appear in public search results.
PRO-SAMPLE-0289,sample,sample_only,Sample Professional 0289,Sample 0289,[SAMPLE] Freelance Developer – Bookkeeping services,Synthetic test profile for application development. Represents a lead freelance developer in freelancing. Not a real person.,,,,,,,,in_platform_request,not_applicable,not_applicable,Sample Community Organisation (fictional),volunteer_mentor,London,false,true,true,Freelance Developer,Fictional Freelancing Company I (sample),Freelancing,freelancing,Bookkeeping services,lead,12,13,self_employed,self_employed,Fictional Previous Employer S (sample),Freelance Designer,,,,Client management; Proposal writing; Pricing,Communication; Public speaking; Problem solving,Upwork; Fiverr; Notion,English,masters,Design,Sample University (fictional),2014,,,,true,freelancing,Career planning; Interview preparation; Freelancing basics,postgraduate_students; fresh_graduates,one_on_one,online,English,5,fortnightly,ongoing,true,false,false,true,true,false,false,false,false,false,false,true,true,free,0,,United Kingdom,England,London,,hybrid,true,false,Europe/London,weekdays; friday,afternoon,available,2026-10-03,unknown,,,,,not_offered,,,,,mentorship; career_advice,false,false,test_environment_only,not_applicable,,unverified,none,,2026-10-03,synthetic_generator_v1,,2026-10-03,2026-10-03,SYNTHETIC TEST RECORD – not a real person; must never appear in public search results.
PRO-SAMPLE-0290,sample,sample_only,Sample Professional 0290,Sample 0290,[SAMPLE] Freelance Developer – Web design,Synthetic test profile for application development. Represents a executive freelance developer in freelancing. Not a real person.,,,,,,,,in_platform_request,not_applicable,not_applicable,Sample Community Organisation (fictional),member,Pune,true,true,true,Freelance Developer,Fictional Freelancing Company J (sample),Freelancing,freelancing,Web design,executive,19,19,self_employed,self_employed,Fictional Previous Employer T (sample),Freelance Designer,,,,Client management; Proposal writing; Pricing,Teamwork; Communication; Time management,Upwork; Fiverr; Notion,English; Urdu; Hindi,masters,Design,Sample University (fictional),2007,,,,true,freelancing,Career planning; Interview preparation; Starting a business,school_students; fresh_graduates,one_on_one; group,online,English; Urdu,2,weekly,6_months,true,false,true,true,true,false,false,false,false,true,false,true,true,free,0,,India,Maharashtra,Pune,,remote,true,false,Asia/Kolkata,friday; sunday,afternoon,available,2026-10-03,unknown,,,,,not_offered,,,,,mentorship; career_advice,false,false,test_environment_only,not_applicable,,unverified,none,,2026-10-03,synthetic_generator_v1,,2026-10-03,2026-10-03,SYNTHETIC TEST RECORD – not a real person; must never appear in public search results.
PRO-SAMPLE-0291,sample,sample_only,Sample Professional 0291,Sample 0291,[SAMPLE] Programme Officer – Education access,Synthetic test profile for application development. Represents a entry level programme officer in non-profit. Not a real person.,,,,,,,,in_platform_request,not_applicable,not_applicable,Sample Community Organisation (fictional),member,Srinagar,true,true,false,Programme Officer,Fictional Non-profit Company A (sample),Non-profit,social_impact,Education access,entry_level,1,1,full_time,employed,,,,,,Programme design; Monitoring and evaluation; Fundraising,Public speaking; Teamwork; Problem solving,Excel; KoboToolbox,English; Urdu; Hindi,bachelors,Social Work,Sample University (fictional),2024,,,,true,social_impact,Interview preparation; Resume and LinkedIn profile; First job search,postgraduate_students; women_returning_to_work,one_on_one; group,online,English; Urdu,2,monthly,6_months,true,true,true,true,false,false,false,false,false,true,false,true,true,free,0,,India,Jammu and Kashmir,Srinagar,,remote,true,false,Asia/Kolkata,weekdays; saturday,evening,available,2026-10-03,unknown,,,,,not_offered,,,,,mentorship; career_advice,false,false,test_environment_only,not_applicable,,unverified,none,,2026-10-03,synthetic_generator_v1,,2026-10-03,2026-10-03,SYNTHETIC TEST RECORD – not a real person; must never appear in public search results.
PRO-SAMPLE-0292,sample,sample_only,Sample Professional 0292,Sample 0292,[SAMPLE] Programme Manager – Livelihoods,Synthetic test profile for application development. Represents a mid level programme manager in non-profit. Not a real person.,,,,,,,,in_platform_request,not_applicable,not_applicable,Sample Community Organisation (fictional),member,Dubai,true,true,true,Programme Manager,Fictional Non-profit Company B (sample),Non-profit,social_impact,Livelihoods,mid_level,9,11,full_time,employed,Fictional Previous Employer L (sample),Programme Officer,,,,Programme design; Monitoring and evaluation; Fundraising,Leadership; Negotiation; Mentoring,Excel; KoboToolbox,English; Arabic,bachelors,Social Work,Sample University (fictional),2016,,,,true,social_impact,Higher studies abroad; Career planning; Freelancing basics,postgraduate_students; early_career_professionals,one_on_one,online,English,4,fortnightly,6_months,true,false,false,false,false,true,false,false,false,true,false,true,true,free,0,,United Arab Emirates,Dubai,Dubai,,onsite,true,false,Asia/Dubai,saturday; weekdays,evening,available,2026-10-03,unknown,,,,,not_offered,,,,,mentorship; career_advice,false,false,test_environment_only,not_applicable,,unverified,none,,2026-10-03,synthetic_generator_v1,,2026-10-03,2026-10-03,SYNTHETIC TEST RECORD – not a real person; must never appear in public search results.
PRO-SAMPLE-0293,sample,sample_only,Sample Professional 0293,Sample 0293,[SAMPLE] Programme Manager – Community health,Synthetic test profile for application development. Represents a senior programme manager in non-profit. Not a real person.,,,,,,,,in_platform_request,not_applicable,not_applicable,Sample Community Organisation (fictional),volunteer_mentor,Bengaluru,true,true,true,Programme Manager,Fictional Non-profit Company C (sample),Non-profit,social_impact,Community health,senior,14,16,full_time,employed,Fictional Previous Employer M (sample),Programme Officer,,,,Programme design; Monitoring and evaluation; Fundraising,Problem solving; Time management; Public speaking,Excel; KoboToolbox,English; Urdu; Hindi,masters,Social Work,Sample University (fictional),2011,,,,true,social_impact,Skill roadmap; Interview preparation; Higher studies abroad,postgraduate_students; early_career_professionals,one_on_one; group,online; in_person,English; Urdu,5,monthly,3_months,true,true,true,false,false,false,false,false,false,true,false,false,true,free,0,,India,Karnataka,Bengaluru,,hybrid,false,true,Asia/Kolkata,saturday; friday,evening,available,2026-10-03,unknown,,,,,not_offered,,,,,mentorship; career_advice,false,false,test_environment_only,not_applicable,,unverified,none,,2026-10-03,synthetic_generator_v1,,2026-10-03,2026-10-03,SYNTHETIC TEST RECORD – not a real person; must never appear in public search results.
PRO-SAMPLE-0294,sample,sample_only,Sample Professional 0294,Sample 0294,[SAMPLE] Executive Director – Education access,Synthetic test profile for application development. Represents a lead executive director in non-profit. Not a real person.,,,,,,,,in_platform_request,not_applicable,not_applicable,Sample Community Organisation (fictional),volunteer_mentor,Chennai,true,true,true,Executive Director,Fictional Non-profit Company D (sample),Non-profit,social_impact,Education access,lead,13,13,full_time,employed,Fictional Previous Employer N (sample),Programme Officer,,,,Programme design; Monitoring and evaluation; Fundraising,Communication; Mentoring; Public speaking,Excel; KoboToolbox,English; Urdu; Hindi,masters,Social Work,Sample University (fictional),2013,,,,true,social_impact,Freelancing basics; Skill roadmap; Interview preparation,postgraduate_students; fresh_graduates,one_on_one,online; in_person,English; Urdu,4,fortnightly,1_month,true,true,true,false,false,true,false,false,false,false,false,false,true,free,0,,India,Tamil Nadu,Chennai,,hybrid,true,true,Asia/Kolkata,weekdays; sunday,morning,available,2026-10-03,unknown,,,,,not_offered,,,,,mentorship; career_advice,false,false,test_environment_only,not_applicable,,unverified,none,,2026-10-03,synthetic_generator_v1,,2026-10-03,2026-10-03,SYNTHETIC TEST RECORD – not a real person; must never appear in public search results.
PRO-SAMPLE-0295,sample,sample_only,Sample Professional 0295,Sample 0295,[SAMPLE] Executive Director – Livelihoods,Synthetic test profile for application development. Represents a executive executive director in non-profit. Not a real person.,,,,,,,,in_platform_request,not_applicable,not_applicable,Sample Community Organisation (fictional),event_volunteer,Bengaluru,true,true,false,Executive Director,Fictional Non-profit Company E (sample),Non-profit,social_impact,Livelihoods,executive,23,24,full_time,employed,Fictional Previous Employer O (sample),Programme Officer,,,,Programme design; Monitoring and evaluation; Fundraising,Problem solving; Communication; Negotiation,Excel; KoboToolbox,English; Urdu; Hindi,masters,Social Work,Sample University (fictional),2002,,,,true,social_impact,First job search; Scholarship applications; Resume and LinkedIn profile,women_returning_to_work; career_changers,one_on_one,online,English; Urdu,5,weekly,3_months,true,true,false,false,false,true,false,true,false,true,false,true,true,free,0,,India,Karnataka,Bengaluru,,hybrid,true,false,Asia/Kolkata,sunday; saturday,afternoon,available,2026-10-03,unknown,,,,,not_offered,,,,,mentorship; career_advice,false,false,test_environment_only,not_applicable,,unverified,none,,2026-10-03,synthetic_generator_v1,,2026-10-03,2026-10-03,SYNTHETIC TEST RECORD – not a real person; must never appear in public search results.
PRO-SAMPLE-0296,sample,sample_only,Sample Professional 0296,Sample 0296,[SAMPLE] Programme Officer – Community health,Synthetic test profile for application development. Represents a entry level programme officer in non-profit. Not a real person.,,,,,,,,in_platform_request,not_applicable,not_applicable,Sample Community Organisation (fictional),event_volunteer,Ahmedabad,true,false,true,Programme Officer,Fictional Non-profit Company F (sample),Non-profit,social_impact,Community health,entry_level,3,3,full_time,employed,,,,,,Programme design; Monitoring and evaluation; Fundraising,Teamwork; Problem solving; Public speaking,Excel; KoboToolbox,English; Urdu; Hindi,bachelors,Social Work,Sample University (fictional),2023,,,,false,,,,,,English; Urdu,0,,,false,false,false,false,false,false,false,false,false,false,false,true,false,,,,India,Gujarat,Ahmedabad,,remote,false,false,Asia/Kolkata,friday; weekdays,afternoon,not_available,2026-10-03,unknown,,,,,not_offered,,,,,networking,false,false,test_environment_only,not_applicable,,unverified,none,,2026-10-03,synthetic_generator_v1,,2026-10-03,2026-10-03,SYNTHETIC TEST RECORD – not a real person; must never appear in public search results.
PRO-SAMPLE-0297,sample,sample_only,Sample Professional 0297,Sample 0297,[SAMPLE] Programme Manager – Education access,Synthetic test profile for application development. Represents a mid level programme manager in non-profit. Not a real person.,,,,,,,,in_platform_request,not_applicable,not_applicable,Sample Community Organisation (fictional),member,Chennai,true,true,true,Programme Manager,Fictional Non-profit Company G (sample),Non-profit,social_impact,Education access,mid_level,6,6,full_time,employed,Fictional Previous Employer Q (sample),Programme Officer,,,,Programme design; Monitoring and evaluation; Fundraising,Public speaking; Teamwork; Problem solving,Excel; KoboToolbox,English; Urdu; Hindi,bachelors,Social Work,Sample University (fictional),2020,,,,true,social_impact,Resume and LinkedIn profile; First job search; Career planning,early_career_professionals; fresh_graduates,one_on_one,online,English; Urdu,2,monthly,1_month,true,true,true,false,false,false,false,false,false,false,false,true,true,free,0,,India,Tamil Nadu,Chennai,,hybrid,false,false,Asia/Kolkata,sunday; friday,evening,available,2026-10-03,unknown,,,,,not_offered,,,,,mentorship; career_advice,false,false,test_environment_only,not_applicable,,unverified,none,,2026-10-03,synthetic_generator_v1,,2026-10-03,2026-10-03,SYNTHETIC TEST RECORD – not a real person; must never appear in public search results.
PRO-SAMPLE-0298,sample,sample_only,Sample Professional 0298,Sample 0298,[SAMPLE] Programme Manager – Livelihoods,Synthetic test profile for application development. Represents a senior programme manager in non-profit. Not a real person.,,,,,,,,in_platform_request,not_applicable,not_applicable,Sample Community Organisation (fictional),event_volunteer,Pune,true,true,true,Programme Manager,Fictional Non-profit Company H (sample),Non-profit,social_impact,Livelihoods,senior,15,17,full_time,employed,Fictional Previous Employer R (sample),Programme Officer,,,,Programme design; Monitoring and evaluation; Fundraising,Negotiation; Problem solving; Public speaking,Excel; KoboToolbox,English; Urdu; Hindi,masters,Social Work,Sample University (fictional),2010,,,,true,social_impact,Switching careers; Freelancing basics; Skill roadmap,postgraduate_students; school_students,one_on_one,online,English; Urdu,2,weekly,3_months,true,true,false,false,false,false,false,true,false,true,false,true,true,free,0,,India,Maharashtra,Pune,,onsite,false,false,Asia/Kolkata,weekdays; saturday,evening,available,2026-10-03,unknown,,,,,not_offered,,,,,mentorship; career_advice,false,false,test_environment_only,not_applicable,,unverified,none,,2026-10-03,synthetic_generator_v1,,2026-10-03,2026-10-03,SYNTHETIC TEST RECORD – not a real person; must never appear in public search results.
PRO-SAMPLE-0299,sample,sample_only,Sample Professional 0299,Sample 0299,[SAMPLE] Executive Director – Community health,Synthetic test profile for application development. Represents a lead executive director in non-profit. Not a real person.,,,,,,,,in_platform_request,not_applicable,not_applicable,Sample Community Organisation (fictional),event_volunteer,Pune,true,true,true,Executive Director,Fictional Non-profit Company I (sample),Non-profit,social_impact,Community health,lead,13,15,full_time,employed,Fictional Previous Employer S (sample),Programme Officer,,,,Programme design; Monitoring and evaluation; Fundraising,Mentoring; Public speaking; Leadership,Excel; KoboToolbox,English; Urdu; Hindi,masters,Social Work,Sample University (fictional),2013,,,,true,social_impact,Higher studies abroad; Interview preparation; Starting a business,career_changers; school_students,one_on_one; group,online,English; Urdu,5,fortnightly,1_month,true,true,true,true,false,false,false,false,false,true,false,true,true,free,0,,India,Maharashtra,Pune,,hybrid,false,false,Asia/Kolkata,friday; saturday,evening,available,2026-10-03,unknown,,,,,not_offered,,,,,mentorship; career_advice,false,false,test_environment_only,not_applicable,,unverified,none,,2026-10-03,synthetic_generator_v1,,2026-10-03,2026-10-03,SYNTHETIC TEST RECORD – not a real person; must never appear in public search results.
PRO-SAMPLE-0300,sample,sample_only,Sample Professional 0300,Sample 0300,[SAMPLE] Executive Director – Education access,Synthetic test profile for application development. Represents a executive executive director in non-profit. Not a real person.,,,,,,,,in_platform_request,not_applicable,not_applicable,Sample Community Organisation (fictional),event_volunteer,Ahmedabad,true,true,true,Executive Director,Fictional Non-profit Company J (sample),Non-profit,social_impact,Education access,executive,23,25,full_time,employed,Fictional Previous Employer T (sample),Programme Officer,,,,Programme design; Monitoring and evaluation; Fundraising,Leadership; Problem solving; Communication,Excel; KoboToolbox,English; Urdu; Hindi,masters,Social Work,Sample University (fictional),2003,,,,true,social_impact,Starting a business; Freelancing basics; Interview preparation,undergraduate_students; postgraduate_students,one_on_one; group,online; in_person,English; Urdu,1,monthly,6_months,true,true,false,true,false,true,false,false,true,false,false,true,true,free,0,,India,Gujarat,Ahmedabad,,onsite,false,true,Asia/Kolkata,saturday; sunday,afternoon,available,2026-10-03,unknown,,,,,not_offered,,,,,mentorship; career_advice,false,false,test_environment_only,not_applicable,,unverified,none,,2026-10-03,synthetic_generator_v1,,2026-10-03,2026-10-03,SYNTHETIC TEST RECORD – not a real person; must never appear in public search results.
